"name",source,rolename,"role","|__items__id","|__items__name","|__firstItems__id","|__firstItems__name","|__skills__order__001","|__skills__order__002","|__skills__order__003","|__skills__order__004","|__skills__order__005","|__skills__order__006","|__skills__order__007","|__skills__order__008","|__skills__order__009","|__skills__order__010","|__skills__order__011","|__skills__order__012","|__skills__order__013","|__skills__order__014","|__skills__order__015","|__skills__order__016","|__skills__order__017","|__skills__order__018","winPercent","|__skills__games"
"Tristana",1,1,"1","3085","Runaan's Hurricane","1055","Doran's Blade","E","W","Q","E","E","R","E","Q","E","Q","R","Q","Q","W","W","R","W","W","49.88","2560"
,,,,"3031","Infinity Edge","2010","Total Biscuit of Rejuvenation",,,,,,,,,,,,,,,,,,,,
,,,,"3006","Berserker's Greaves",,,,,,,,,,,,,,,,,,,,,,
,,,,"3094","Rapid Firecannon",,,,,,,,,,,,,,,,,,,,,,
,,,,"3072","The Bloodthirster",,,,,,,,,,,,,,,,,,,,,,
,,,,"3026","Guardian Angel",,,,,,,,,,,,,,,,,,,,,,
"Leblanc",2,2,"2","3001","Abyssal Scepter","2033","Corrupting Potion","W","Q","W","E","W","R","W","Q","W","Q","R","Q","Q","E","E","R","E","E","50.72","1098"
,,,,"3020","Sorcerer's Shoes",,,,,,,,,,,,,,,,,,,,,,
,,,,"3165","Morellonomicon",,,,,,,,,,,,,,,,,,,,,,
,,,,"3089","Rabadon's Deathcap",,,,,,,,,,,,,,,,,,,,,,
,,,,"3135","Void Staff",,,,,,,,,,,,,,,,,,,,,,
,,,,"3157","Zhonya's Hourglass",,,,,,,,,,,,,,,,,,,,,,
"Sion",3,3,"3","3068","Sunfire Cape","1056","Doran's Ring","Q","E","W","Q","Q","R","Q","W","Q","W","R","W","W","E","E","R","E","E","58.93","207"
,,,,"3025","Iceborn Gauntlet","2003","Health Potion",,,,,,,,,,,,,,,,,,,,
,,,,"3111","Mercury's Treads","2003","Health Potion",,,,,,,,,,,,,,,,,,,,
,,,,"3065","Spirit Visage",,,,,,,,,,,,,,,,,,,,,,
,,,,"3075","Thornmail",,,,,,,,,,,,,,,,,,,,,,
,,,,"3026","Guardian Angel",,,,,,,,,,,,,,,,,,,,,,
,,4,"4",,,"1039","Hunter's Talisman","W","Q","E","Q","Q","R","Q","W","Q","W","R","W","W","E","E","R","E","E","59.37","64"
,,,,,,"2003","Health Potion",,,,,,,,,,,,,,,,,,,,
,,,,,,"2003","Health Potion",,,,,,,,,,,,,,,,,,,,
,,,,,,"2003","Health Potion",,,,,,,,,,,,,,,,,,,,
"Urgot",4,3,"3",,,"1055","Doran's Blade","Q","E","Q","W","Q","R","Q","W","Q","W","R","W","W","E","E","R","E","E","60.41","48"
,,,,,,"2003","Health Potion",,,,,,,,,,,,,,,,,,,,
,,1,"1",,,"1055","Doran's Blade","Q","E","Q","W","Q","R","Q","W","Q","W","R","W","W","E","E","R","E","E","55.88","34"
,,,,,,"2010","Total Biscuit of Rejuvenation",,,,,,,,,,,,,,,,,,,,
"Annie",5,2,"2","3285","Luden's Echo","1056","Doran's Ring","Q","W","Q","E","Q","R","Q","W","Q","W","R","W","W","E","E","R","E","E","54.08","2095"
,,,,"3020","Sorcerer's Shoes","2010","Total Biscuit of Rejuvenation",,,,,,,,,,,,,,,,,,,,
,,,,"3089","Rabadon's Deathcap","2010","Total Biscuit of Rejuvenation",,,,,,,,,,,,,,,,,,,,
,,,,"3157","Zhonya's Hourglass",,,,,,,,,,,,,,,,,,,,,,
,,,,"3135","Void Staff",,,,,,,,,,,,,,,,,,,,,,
,,,,"3116","Rylai's Crystal Scepter",,,,,,,,,,,,,,,,,,,,,,
,,5,"5","3092","Frost Queen's Claim","2010","Total Biscuit of Rejuvenation","Q","W","E","Q","Q","R","Q","W","Q","W","R","W","W","E","E","R","E","E","49","502"
,,,,"2049","Sightstone","2010","Total Biscuit of Rejuvenation",,,,,,,,,,,,,,,,,,,,
,,,,"3020","Sorcerer's Shoes","2010","Total Biscuit of Rejuvenation",,,,,,,,,,,,,,,,,,,,
,,,,"3285","Luden's Echo","3303","Spellthief's Edge",,,,,,,,,,,,,,,,,,,,
,,,,"3030","Hextech GLP-800",,,,,,,,,,,,,,,,,,,,,,
,,,,"3116","Rylai's Crystal Scepter",,,,,,,,,,,,,,,,,,,,,,
"MissFortune",6,1,"1","3142","Youmuu's Ghostblade","1055","Doran's Blade","Q","E","W","Q","Q","R","Q","W","Q","W","R","W","W","E","E","R","E","E","57.8","1000"
,,,,"3071","The Black Cleaver","2003","Health Potion",,,,,,,,,,,,,,,,,,,,
,,,,"3006","Berserker's Greaves",,,,,,,,,,,,,,,,,,,,,,
,,,,"3147","Duskblade of Draktharr",,,,,,,,,,,,,,,,,,,,,,
,,,,"3072","The Bloodthirster",,,,,,,,,,,,,,,,,,,,,,
,,,,"3033","Mortal Reminder",,,,,,,,,,,,,,,,,,,,,,
"FiddleSticks",7,4,"4","1402","Enchantment: Runic Echoes","1039","Hunter's Talisman","W","E","W","Q","W","R","W","Q","W","Q","R","Q","Q","E","E","R","E","E","53.88","1082"
,,,,"3157","Zhonya's Hourglass",,,,,,,,,,,,,,,,,,,,,,
,,,,"3020","Sorcerer's Shoes",,,,,,,,,,,,,,,,,,,,,,
,,,,"3089","Rabadon's Deathcap",,,,,,,,,,,,,,,,,,,,,,
,,,,"3135","Void Staff",,,,,,,,,,,,,,,,,,,,,,
,,,,"3116","Rylai's Crystal Scepter",,,,,,,,,,,,,,,,,,,,,,
"TwistedFate",8,2,"2","3158","Ionian Boots of Lucidity","1056","Doran's Ring","W","Q","Q","E","Q","R","Q","W","Q","W","R","W","W","E","E","R","E","E","52.78","2997"
,,,,"3001","Abyssal Scepter","2003","Health Potion",,,,,,,,,,,,,,,,,,,,
,,,,"3100","Lich Bane","2003","Health Potion",,,,,,,,,,,,,,,,,,,,
,,,,"3157","Zhonya's Hourglass",,,,,,,,,,,,,,,,,,,,,,
,,,,"3089","Rabadon's Deathcap",,,,,,,,,,,,,,,,,,,,,,
,,,,"3135","Void Staff",,,,,,,,,,,,,,,,,,,,,,
"Sona",9,5,"5","2049","Sightstone","1004","Faerie Charm","Q","W","Q","W","E","R","Q","Q","Q","W","R","W","W","E","E","R","E","E","56.91","123"
,,,,"3174","Athene's Unholy Grail","3303","Spellthief's Edge",,,,,,,,,,,,,,,,,,,,
,,,,"3020","Sorcerer's Shoes",,,,,,,,,,,,,,,,,,,,,,
,,,,"3100","Lich Bane",,,,,,,,,,,,,,,,,,,,,,
,,,,"3285","Luden's Echo",,,,,,,,,,,,,,,,,,,,,,
,,,,"3116","Rylai's Crystal Scepter",,,,,,,,,,,,,,,,,,,,,,
"Twitch",10,1,"1","3142","Youmuu's Ghostblade","1055","Doran's Blade","Q","E","W","E","E","R","E","Q","E","Q","R","Q","Q","W","W","R","W","W","61.97","142"
,,,,"3085","Runaan's Hurricane","2003","Health Potion",,,,,,,,,,,,,,,,,,,,
,,,,"3006","Berserker's Greaves",,,,,,,,,,,,,,,,,,,,,,
,,,,"3031","Infinity Edge",,,,,,,,,,,,,,,,,,,,,,
,,,,"3036","Lord Dominik's Regards",,,,,,,,,,,,,,,,,,,,,,
,,,,"3072","The Bloodthirster",,,,,,,,,,,,,,,,,,,,,,
"Ashe",11,1,"1","3031","Infinity Edge","1055","Doran's Blade","W","Q","W","Q","E","R","W","W","W","Q","R","Q","Q","E","E","R","E","E","57.77","135"
,,,,"3006","Berserker's Greaves","2010","Total Biscuit of Rejuvenation",,,,,,,,,,,,,,,,,,,,
,,,,"3085","Runaan's Hurricane",,,,,,,,,,,,,,,,,,,,,,
,,,,"3072","The Bloodthirster",,,,,,,,,,,,,,,,,,,,,,
,,,,"3036","Lord Dominik's Regards",,,,,,,,,,,,,,,,,,,,,,
,,,,"3026","Guardian Angel",,,,,,,,,,,,,,,,,,,,,,
"Olaf",12,3,"3","3009","Boots of Swiftness","2033","Corrupting Potion","Q","E","Q","W","Q","R","Q","E","Q","E","R","E","E","W","W","R","W","W","55.27","664"
,,,,"3071","The Black Cleaver",,,,,,,,,,,,,,,,,,,,,,
,,,,"3053","Sterak's Gage",,,,,,,,,,,,,,,,,,,,,,
,,,,"3742","Dead Man's Plate",,,,,,,,,,,,,,,,,,,,,,
,,,,"3065","Spirit Visage",,,,,,,,,,,,,,,,,,,,,,
,,,,"3026","Guardian Angel",,,,,,,,,,,,,,,,,,,,,,
,,4,"4",,,"1039","Hunter's Talisman","Q","W","E","Q","Q","R","Q","E","Q","E","R","E","E","W","W","R","W","W","55.66","203"
,,,,,,"2003","Health Potion",,,,,,,,,,,,,,,,,,,,
,,,,,,"2003","Health Potion",,,,,,,,,,,,,,,,,,,,
,,,,,,"2003","Health Potion",,,,,,,,,,,,,,,,,,,,
"Vladimir",13,2,"2","3009","Boots of Swiftness","1001","Boots of Speed","Q","W","Q","E","Q","R","Q","E","Q","E","R","E","E","W","W","R","W","W","52.19","182"
,,,,"3065","Spirit Visage","2031","Refillable Potion",,,,,,,,,,,,,,,,,,,,
,,,,"3116","Rylai's Crystal Scepter",,,,,,,,,,,,,,,,,,,,,,
,,,,"3157","Zhonya's Hourglass",,,,,,,,,,,,,,,,,,,,,,
,,,,"3001","Abyssal Scepter",,,,,,,,,,,,,,,,,,,,,,
,,,,"3135","Void Staff",,,,,,,,,,,,,,,,,,,,,,
,,3,"3","3158","Ionian Boots of Lucidity","1028","Ruby Crystal","Q","E","Q","W","Q","R","Q","E","Q","E","R","E","E","W","W","R","W","W","52.42","1896"
,,,,"3116","Rylai's Crystal Scepter","2003","Health Potion",,,,,,,,,,,,,,,,,,,,
,,,,"3157","Zhonya's Hourglass","2003","Health Potion",,,,,,,,,,,,,,,,,,,,
,,,,"3065","Spirit Visage",,,,,,,,,,,,,,,,,,,,,,
,,,,"3089","Rabadon's Deathcap",,,,,,,,,,,,,,,,,,,,,,
,,,,"3135","Void Staff",,,,,,,,,,,,,,,,,,,,,,
"Kayle",14,4,"4","1419","Enchantment: Bloodrazor","1039","Hunter's Talisman","E","W","Q","E","E","R","E","W","E","W","R","W","W","Q","Q","R","Q","Q","57.49","160"
,,,,"3006","Berserker's Greaves","2003","Health Potion",,,,,,,,,,,,,,,,,,,,
,,,,"3115","Nashor's Tooth","2003","Health Potion",,,,,,,,,,,,,,,,,,,,
,,,,"3124","Guinsoo's Rageblade","2003","Health Potion",,,,,,,,,,,,,,,,,,,,
,,,,"3091","Wit's End",,,,,,,,,,,,,,,,,,,,,,
,,,,"3116","Rylai's Crystal Scepter",,,,,,,,,,,,,,,,,,,,,,
,,3,"3","3115","Nashor's Tooth","1056","Doran's Ring","E","Q","E","W","E","R","E","Q","E","Q","R","Q","Q","W","W","R","W","W","56.92","267"
,,,,"3006","Berserker's Greaves","2010","Total Biscuit of Rejuvenation",,,,,,,,,,,,,,,,,,,,
,,,,"3124","Guinsoo's Rageblade","2010","Total Biscuit of Rejuvenation",,,,,,,,,,,,,,,,,,,,
,,,,"3085","Runaan's Hurricane",,,,,,,,,,,,,,,,,,,,,,
,,,,"3116","Rylai's Crystal Scepter",,,,,,,,,,,,,,,,,,,,,,
,,,,"3026","Guardian Angel",,,,,,,,,,,,,,,,,,,,,,
,,2,"2","3115","Nashor's Tooth","1056","Doran's Ring","E","Q","W","E","E","R","E","W","E","W","R","W","W","Q","Q","R","Q","Q","51.9","131"
,,,,"3124","Guinsoo's Rageblade","2003","Health Potion",,,,,,,,,,,,,,,,,,,,
,,,,"3006","Berserker's Greaves","2003","Health Potion",,,,,,,,,,,,,,,,,,,,
,,,,"3085","Runaan's Hurricane",,,,,,,,,,,,,,,,,,,,,,
,,,,"3116","Rylai's Crystal Scepter",,,,,,,,,,,,,,,,,,,,,,
,,,,"3157","Zhonya's Hourglass",,,,,,,,,,,,,,,,,,,,,,
"Pantheon",15,4,"4","1400","Enchantment: Warrior","2033","Corrupting Potion","Q","E","W","Q","Q","R","Q","E","Q","E","R","E","E","W","W","R","W","W","56.25","320"
,,,,"3117","Boots of Mobility",,,,,,,,,,,,,,,,,,,,,,
,,,,"3071","The Black Cleaver",,,,,,,,,,,,,,,,,,,,,,
,,,,"3742","Dead Man's Plate",,,,,,,,,,,,,,,,,,,,,,
,,,,"3742","Dead Man's Plate",,,,,,,,,,,,,,,,,,,,,,
,,,,"3156","Maw of Malmortius",,,,,,,,,,,,,,,,,,,,,,
,,3,"3","3142","Youmuu's Ghostblade","2033","Corrupting Potion","Q","W","E","E","E","R","E","Q","E","Q","R","Q","Q","W","W","R","W","W","61.15","139"
,,,,"3009","Boots of Swiftness",,,,,,,,,,,,,,,,,,,,,,
,,,,"3071","The Black Cleaver",,,,,,,,,,,,,,,,,,,,,,
,,,,"3156","Maw of Malmortius",,,,,,,,,,,,,,,,,,,,,,
,,,,"3812","Death's Dance",,,,,,,,,,,,,,,,,,,,,,
,,,,"3147","Duskblade of Draktharr",,,,,,,,,,,,,,,,,,,,,,
,,2,"2","3009","Boots of Swiftness","2033","Corrupting Potion","Q","W","E","Q","Q","R","Q","E","Q","E","R","E","E","W","W","R","W","W","52.46","507"
,,,,"3142","Youmuu's Ghostblade",,,,,,,,,,,,,,,,,,,,,,
,,,,"3156","Maw of Malmortius",,,,,,,,,,,,,,,,,,,,,,
,,,,"3071","The Black Cleaver",,,,,,,,,,,,,,,,,,,,,,
,,,,"3156","Maw of Malmortius",,,,,,,,,,,,,,,,,,,,,,
,,,,"3026","Guardian Angel",,,,,,,,,,,,,,,,,,,,,,
"LeeSin",16,4,"4","1408","Enchantment: Warrior","1041","Hunter's Machete","Q","W","E","Q","Q","R","Q","E","Q","E","R","E","E","W","W","R","W","W","47.48","14532"
,,,,"3009","Boots of Swiftness","2031","Refillable Potion",,,,,,,,,,,,,,,,,,,,
,,,,"3071","The Black Cleaver",,,,,,,,,,,,,,,,,,,,,,
,,,,"3156","Maw of Malmortius",,,,,,,,,,,,,,,,,,,,,,
,,,,"3742","Dead Man's Plate",,,,,,,,,,,,,,,,,,,,,,
,,,,"3102","Banshee's Veil",,,,,,,,,,,,,,,,,,,,,,
"Zilean",17,2,"2","3027","Rod of Ages","1056","Doran's Ring","Q","W","Q","E","Q","R","Q","W","Q","W","R","W","W","E","E","R","E","E","56.25","743"
,,,,"3165","Morellonomicon","2010","Total Biscuit of Rejuvenation",,,,,,,,,,,,,,,,,,,,
,,,,"3158","Ionian Boots of Lucidity","2010","Total Biscuit of Rejuvenation",,,,,,,,,,,,,,,,,,,,
,,,,"3089","Rabadon's Deathcap",,,,,,,,,,,,,,,,,,,,,,
,,,,"3135","Void Staff",,,,,,,,,,,,,,,,,,,,,,
,,,,"3102","Banshee's Veil",,,,,,,,,,,,,,,,,,,,,,
,,5,"5","3158","Ionian Boots of Lucidity","2031","Refillable Potion","Q","W","Q","E","Q","R","Q","E","Q","E","R","E","E","W","W","R","W","W","53.52","383"
,,,,"3092","Frost Queen's Claim","3303","Spellthief's Edge",,,,,,,,,,,,,,,,,,,,
,,,,"2049","Sightstone",,,,,,,,,,,,,,,,,,,,,,
,,,,"2049","Sightstone",,,,,,,,,,,,,,,,,,,,,,
,,,,"3020","Sorcerer's Shoes",,,,,,,,,,,,,,,,,,,,,,
,,,,"3165","Morellonomicon",,,,,,,,,,,,,,,,,,,,,,
"Ekko",18,2,"2","3001","Abyssal Scepter","2033","Corrupting Potion","Q","E","Q","W","Q","R","Q","E","Q","E","R","E","E","W","W","R","W","W","47.24","798"
,,,,"3020","Sorcerer's Shoes",,,,,,,,,,,,,,,,,,,,,,
,,,,"3100","Lich Bane",,,,,,,,,,,,,,,,,,,,,,
,,,,"3157","Zhonya's Hourglass",,,,,,,,,,,,,,,,,,,,,,
,,,,"3089","Rabadon's Deathcap",,,,,,,,,,,,,,,,,,,,,,
,,,,"3026","Guardian Angel",,,,,,,,,,,,,,,,,,,,,,
,,4,"4","1409","Enchantment: Cinderhulk","1041","Hunter's Machete","W","Q","E","Q","Q","R","Q","E","Q","E","R","E","E","W","W","R","W","W","46.18","1546"
,,,,"3009","Boots of Swiftness","2003","Health Potion",,,,,,,,,,,,,,,,,,,,
,,,,"3025","Iceborn Gauntlet","2003","Health Potion",,,,,,,,,,,,,,,,,,,,
,,,,"3065","Spirit Visage","2003","Health Potion",,,,,,,,,,,,,,,,,,,,
,,,,"3026","Guardian Angel",,,,,,,,,,,,,,,,,,,,,,
,,,,"3190","Locket of the Iron Solari",,,,,,,,,,,,,,,,,,,,,,
,,3,"3","3065","Spirit Visage","1056","Doran's Ring","Q","E","Q","W","Q","R","Q","E","Q","E","R","E","E","W","W","R","W","W","51.63","1160"
,,,,"3025","Iceborn Gauntlet",,,,,,,,,,,,,,,,,,,,,,
,,,,"3009","Boots of Swiftness",,,,,,,,,,,,,,,,,,,,,,
,,,,"3068","Sunfire Cape",,,,,,,,,,,,,,,,,,,,,,
,,,,"3742","Dead Man's Plate",,,,,,,,,,,,,,,,,,,,,,
,,,,"3026","Guardian Angel",,,,,,,,,,,,,,,,,,,,,,
"Karma",19,2,"2","3158","Ionian Boots of Lucidity","1056","Doran's Ring","Q","W","E","Q","Q","R","Q","E","Q","E","R","E","E","W","W","R","W","W","52.21","293"
,,,,"3165","Morellonomicon","2003","Health Potion",,,,,,,,,,,,,,,,,,,,
,,,,"3157","Zhonya's Hourglass","2003","Health Potion",,,,,,,,,,,,,,,,,,,,
,,,,"3089","Rabadon's Deathcap",,,,,,,,,,,,,,,,,,,,,,
,,,,"3135","Void Staff",,,,,,,,,,,,,,,,,,,,,,
,,,,"3285","Luden's Echo",,,,,,,,,,,,,,,,,,,,,,
,,5,"5","2049","Sightstone","2031","Refillable Potion","Q","E","Q","W","Q","R","Q","E","Q","E","R","E","E","W","W","R","W","W","49.82","877"
,,,,"3158","Ionian Boots of Lucidity","3303","Spellthief's Edge",,,,,,,,,,,,,,,,,,,,
,,,,"3190","Locket of the Iron Solari",,,,,,,,,,,,,,,,,,,,,,
,,,,"3222","Mikael's Crucible",,,,,,,,,,,,,,,,,,,,,,
,,,,"3512","Zz'Rot Portal",,,,,,,,,,,,,,,,,,,,,,
,,,,"3151","Liandry's Torment",,,,,,,,,,,,,,,,,,,,,,
"Mordekaiser",20,3,"3",,,"1054","Doran's Shield","W","E","Q","W","W","R","W","Q","W","Q","R","Q","Q","E","E","R","E","E","68.18","44"
,,,,,,"2003","Health Potion",,,,,,,,,,,,,,,,,,,,
"Velkoz",21,2,"2","3165","Morellonomicon","1056","Doran's Ring","W","E","Q","W","W","R","W","Q","W","Q","R","Q","Q","E","E","R","E","E","57.84","325"
,,,,"3285","Luden's Echo","2010","Total Biscuit of Rejuvenation",,,,,,,,,,,,,,,,,,,,
,,,,"3020","Sorcerer's Shoes","2010","Total Biscuit of Rejuvenation",,,,,,,,,,,,,,,,,,,,
,,,,"3089","Rabadon's Deathcap",,,,,,,,,,,,,,,,,,,,,,
,,,,"3135","Void Staff",,,,,,,,,,,,,,,,,,,,,,
,,,,"3116","Rylai's Crystal Scepter",,,,,,,,,,,,,,,,,,,,,,
,,5,"5","3092","Frost Queen's Claim","2010","Total Biscuit of Rejuvenation","Q","E","Q","W","Q","R","Q","W","Q","W","R","W","W","E","E","R","E","E","56.38","188"
,,,,"3158","Ionian Boots of Lucidity","2010","Total Biscuit of Rejuvenation",,,,,,,,,,,,,,,,,,,,
,,,,"3285","Luden's Echo","2010","Total Biscuit of Rejuvenation",,,,,,,,,,,,,,,,,,,,
,,,,"3116","Rylai's Crystal Scepter","3303","Spellthief's Edge",,,,,,,,,,,,,,,,,,,,
,,,,"3157","Zhonya's Hourglass",,,,,,,,,,,,,,,,,,,,,,
,,,,"3151","Liandry's Torment",,,,,,,,,,,,,,,,,,,,,,
"AurelionSol",22,2,"2","3027","Rod of Ages","1056","Doran's Ring","W","Q","W","E","W","R","W","Q","W","Q","R","Q","Q","E","E","R","E","E","53.88","386"
,,,,"3009","Boots of Swiftness","2003","Health Potion",,,,,,,,,,,,,,,,,,,,
,,,,"3116","Rylai's Crystal Scepter","2003","Health Potion",,,,,,,,,,,,,,,,,,,,
,,,,"3135","Void Staff",,,,,,,,,,,,,,,,,,,,,,
,,,,"3157","Zhonya's Hourglass",,,,,,,,,,,,,,,,,,,,,,
,,,,"3285","Luden's Echo",,,,,,,,,,,,,,,,,,,,,,
,,4,"4","3027","Rod of Ages","1056","Doran's Ring","W","Q","E","W","W","R","W","Q","W","Q","R","Q","Q","E","E","R","E","E","57.14","42"
,,,,"3009","Boots of Swiftness","2003","Health Potion",,,,,,,,,,,,,,,,,,,,
,,,,"3116","Rylai's Crystal Scepter","2003","Health Potion",,,,,,,,,,,,,,,,,,,,
,,,,"3151","Liandry's Torment",,,,,,,,,,,,,,,,,,,,,,
,,,,"3157","Zhonya's Hourglass",,,,,,,,,,,,,,,,,,,,,,
,,,,"3135","Void Staff",,,,,,,,,,,,,,,,,,,,,,
"Teemo",23,3,"3","3022","Frozen Mallet","1055","Doran's Blade","E","Q","E","W","E","R","E","Q","E","Q","R","Q","Q","W","W","R","W","W","52.58","1375"
,,,,"3009","Boots of Swiftness","2003","Health Potion",,,,,,,,,,,,,,,,,,,,
,,,,"3085","Runaan's Hurricane",,,,,,,,,,,,,,,,,,,,,,
,,,,"3087","Statikk Shiv",,,,,,,,,,,,,,,,,,,,,,
,,,,"3146","Hextech Gunblade",,,,,,,,,,,,,,,,,,,,,,
,,,,"3031","Infinity Edge",,,,,,,,,,,,,,,,,,,,,,
"Evelynn",24,4,"4","1402","Enchantment: Runic Echoes","1039","Hunter's Talisman","Q","E","W","Q","Q","R","Q","E","Q","E","R","E","E","W","W","R","W","W","50.29","3788"
,,,,"3116","Rylai's Crystal Scepter","2010","Total Biscuit of Rejuvenation",,,,,,,,,,,,,,,,,,,,
,,,,"3111","Mercury's Treads","2010","Total Biscuit of Rejuvenation",,,,,,,,,,,,,,,,,,,,
,,,,"3742","Dead Man's Plate","2010","Total Biscuit of Rejuvenation",,,,,,,,,,,,,,,,,,,,
,,,,"3102","Banshee's Veil",,,,,,,,,,,,,,,,,,,,,,
,,,,"3143","Randuin's Omen",,,,,,,,,,,,,,,,,,,,,,
"Ziggs",25,2,"2","3165","Morellonomicon","1056","Doran's Ring","Q","W","Q","E","Q","R","Q","E","Q","E","R","E","E","W","W","R","W","W","54.54","352"
,,,,"3020","Sorcerer's Shoes","2010","Total Biscuit of Rejuvenation",,,,,,,,,,,,,,,,,,,,
,,,,"3089","Rabadon's Deathcap","2010","Total Biscuit of Rejuvenation",,,,,,,,,,,,,,,,,,,,
,,,,"3135","Void Staff",,,,,,,,,,,,,,,,,,,,,,
,,,,"3285","Luden's Echo",,,,,,,,,,,,,,,,,,,,,,
,,,,"3157","Zhonya's Hourglass",,,,,,,,,,,,,,,,,,,,,,
"Syndra",26,2,"2","3165","Morellonomicon","1056","Doran's Ring","Q","W","E","Q","Q","R","Q","E","Q","E","R","E","E","W","W","R","W","W","52","423"
,,,,"3020","Sorcerer's Shoes","2003","Health Potion",,,,,,,,,,,,,,,,,,,,
,,,,"3089","Rabadon's Deathcap","2003","Health Potion",,,,,,,,,,,,,,,,,,,,
,,,,"3135","Void Staff",,,,,,,,,,,,,,,,,,,,,,
,,,,"3157","Zhonya's Hourglass",,,,,,,,,,,,,,,,,,,,,,
,,,,"3116","Rylai's Crystal Scepter",,,,,,,,,,,,,,,,,,,,,,
"Udyr",27,4,"4","1416","Enchantment: Bloodrazor","1039","Hunter's Talisman","Q","W","E","Q","Q","E","Q","E","Q","E","E","W","W","W","W","R","R","R","56.47","170"
,,,,"3009","Boots of Swiftness","2003","Health Potion",,,,,,,,,,,,,,,,,,,,
,,,,"3078","Trinity Force","2003","Health Potion",,,,,,,,,,,,,,,,,,,,
,,,,"3742","Dead Man's Plate","2003","Health Potion",,,,,,,,,,,,,,,,,,,,
,,,,"3075","Thornmail",,,,,,,,,,,,,,,,,,,,,,
,,,,"3143","Randuin's Omen",,,,,,,,,,,,,,,,,,,,,,
"Irelia",28,3,"3","3078","Trinity Force","1055","Doran's Blade","E","W","Q","E","E","R","E","W","E","W","R","W","W","Q","Q","R","Q","Q","59","200"
,,,,"3111","Mercury's Treads","2003","Health Potion",,,,,,,,,,,,,,,,,,,,
,,,,"3053","Sterak's Gage",,,,,,,,,,,,,,,,,,,,,,
,,,,"3742","Dead Man's Plate",,,,,,,,,,,,,,,,,,,,,,
,,,,"3065","Spirit Visage",,,,,,,,,,,,,,,,,,,,,,
,,,,"3026","Guardian Angel",,,,,,,,,,,,,,,,,,,,,,
"Elise",29,4,"4","1414","Enchantment: Runic Echoes","1041","Hunter's Machete","W","Q","Q","E","Q","R","Q","W","Q","W","R","W","W","E","E","R","E","E","52.42","412"
,,,,"3009","Boots of Swiftness","2031","Refillable Potion",,,,,,,,,,,,,,,,,,,,
,,,,"3116","Rylai's Crystal Scepter",,,,,,,,,,,,,,,,,,,,,,
,,,,"3001","Abyssal Scepter",,,,,,,,,,,,,,,,,,,,,,
,,,,"3157","Zhonya's Hourglass",,,,,,,,,,,,,,,,,,,,,,
,,,,"3135","Void Staff",,,,,,,,,,,,,,,,,,,,,,
"KogMaw",30,1,"1","3124","Guinsoo's Rageblade","1055","Doran's Blade","W","E","W","E","W","R","W","E","W","E","R","E","Q","Q","Q","R","Q","Q","54.94","435"
,,,,"3085","Runaan's Hurricane","2003","Health Potion",,,,,,,,,,,,,,,,,,,,
,,,,"3006","Berserker's Greaves",,,,,,,,,,,,,,,,,,,,,,
,,,,"3153","Blade of the Ruined King",,,,,,,,,,,,,,,,,,,,,,
,,,,"3053","Sterak's Gage",,,,,,,,,,,,,,,,,,,,,,
,,,,"3139","Mercurial Scimitar",,,,,,,,,,,,,,,,,,,,,,
"Nidalee",31,4,"4","1414","Enchantment: Runic Echoes","1039","Hunter's Talisman","Q","W","E","Q","Q","R","Q","E","Q","E","R","E","E","W","W","R","W","W","50.79","1817"
,,,,"3116","Rylai's Crystal Scepter","2031","Refillable Potion",,,,,,,,,,,,,,,,,,,,
,,,,"3158","Ionian Boots of Lucidity",,,,,,,,,,,,,,,,,,,,,,
,,,,"3100","Lich Bane",,,,,,,,,,,,,,,,,,,,,,
,,,,"3157","Zhonya's Hourglass",,,,,,,,,,,,,,,,,,,,,,
,,,,"3135","Void Staff",,,,,,,,,,,,,,,,,,,,,,
"Morgana",32,2,"2","3285","Luden's Echo","1056","Doran's Ring","Q","W","W","E","W","R","W","Q","W","Q","R","Q","Q","E","E","R","E","E","57.78","199"
,,,,"3020","Sorcerer's Shoes","2003","Health Potion",,,,,,,,,,,,,,,,,,,,
,,,,"3157","Zhonya's Hourglass","2003","Health Potion",,,,,,,,,,,,,,,,,,,,
,,,,"3152","Hextech Protobelt-01",,,,,,,,,,,,,,,,,,,,,,
,,,,"3135","Void Staff",,,,,,,,,,,,,,,,,,,,,,
,,,,"3089","Rabadon's Deathcap",,,,,,,,,,,,,,,,,,,,,,
,,5,"5","2049","Sightstone","2031","Refillable Potion","Q","W","Q","E","Q","R","Q","W","Q","W","R","W","W","E","E","R","E","E","53.46","202"
,,,,"3092","Frost Queen's Claim","3303","Spellthief's Edge",,,,,,,,,,,,,,,,,,,,
,,,,"3158","Ionian Boots of Lucidity",,,,,,,,,,,,,,,,,,,,,,
,,,,"3157","Zhonya's Hourglass",,,,,,,,,,,,,,,,,,,,,,
,,,,"3190","Locket of the Iron Solari",,,,,,,,,,,,,,,,,,,,,,
,,,,"3222","Mikael's Crucible",,,,,,,,,,,,,,,,,,,,,,
"Orianna",33,2,"2","3027","Rod of Ages","1056","Doran's Ring","E","Q","W","Q","Q","R","Q","W","Q","W","R","W","W","E","E","R","E","E","52.59","1059"
,,,,"3020","Sorcerer's Shoes","2003","Health Potion",,,,,,,,,,,,,,,,,,,,
,,,,"3089","Rabadon's Deathcap","2003","Health Potion",,,,,,,,,,,,,,,,,,,,
,,,,"3135","Void Staff",,,,,,,,,,,,,,,,,,,,,,
,,,,"3157","Zhonya's Hourglass",,,,,,,,,,,,,,,,,,,,,,
,,,,"3001","Abyssal Scepter",,,,,,,,,,,,,,,,,,,,,,
"Amumu",34,4,"4","3117","Boots of Mobility","1039","Hunter's Talisman","E","W","Q","Q","Q","R","Q","E","Q","E","R","E","E","W","W","R","W","W","56.55","145"
,,,,"1402","Enchantment: Runic Echoes","2003","Health Potion",,,,,,,,,,,,,,,,,,,,
,,,,"3116","Rylai's Crystal Scepter","2003","Health Potion",,,,,,,,,,,,,,,,,,,,
,,,,"3151","Liandry's Torment","2003","Health Potion",,,,,,,,,,,,,,,,,,,,
,,,,"3026","Guardian Angel",,,,,,,,,,,,,,,,,,,,,,
,,,,"3143","Randuin's Omen",,,,,,,,,,,,,,,,,,,,,,
"Graves",35,4,"4","3009","Boots of Swiftness","1041","Hunter's Machete","Q","E","Q","W","Q","R","Q","E","Q","E","R","E","E","W","W","R","W","W","49.9","8622"
,,,,"1412","Enchantment: Warrior","2003","Health Potion",,,,,,,,,,,,,,,,,,,,
,,,,"3046","Phantom Dancer",,,,,,,,,,,,,,,,,,,,,,
,,,,"3812","Death's Dance",,,,,,,,,,,,,,,,,,,,,,
,,,,"3053","Sterak's Gage",,,,,,,,,,,,,,,,,,,,,,
,,,,"3033","Mortal Reminder",,,,,,,,,,,,,,,,,,,,,,
,,3,"3","3812","Death's Dance","1055","Doran's Blade","Q","E","Q","W","Q","R","Q","E","Q","E","R","E","E","W","W","R","W","W","50.61","1223"
,,,,"3009","Boots of Swiftness","2003","Health Potion",,,,,,,,,,,,,,,,,,,,
,,,,"3046","Phantom Dancer",,,,,,,,,,,,,,,,,,,,,,
,,,,"3156","Maw of Malmortius",,,,,,,,,,,,,,,,,,,,,,
,,,,"3053","Sterak's Gage",,,,,,,,,,,,,,,,,,,,,,
,,,,"3036","Lord Dominik's Regards",,,,,,,,,,,,,,,,,,,,,,
"Brand",36,2,"2","3027","Rod of Ages","1056","Doran's Ring","W","E","Q","W","W","R","W","E","W","E","R","E","E","Q","Q","R","Q","Q","54.43","654"
,,,,"3158","Ionian Boots of Lucidity","2010","Total Biscuit of Rejuvenation",,,,,,,,,,,,,,,,,,,,
,,,,"3116","Rylai's Crystal Scepter","2010","Total Biscuit of Rejuvenation",,,,,,,,,,,,,,,,,,,,
,,,,"3151","Liandry's Torment",,,,,,,,,,,,,,,,,,,,,,
,,,,"3135","Void Staff",,,,,,,,,,,,,,,,,,,,,,
,,,,"3157","Zhonya's Hourglass",,,,,,,,,,,,,,,,,,,,,,
,,5,"5","3158","Ionian Boots of Lucidity","2031","Refillable Potion","W","Q","E","W","W","R","W","Q","W","Q","R","Q","Q","E","E","R","E","E","51.07","1396"
,,,,"3116","Rylai's Crystal Scepter","3303","Spellthief's Edge",,,,,,,,,,,,,,,,,,,,
,,,,"3151","Liandry's Torment",,,,,,,,,,,,,,,,,,,,,,
,,,,"3135","Void Staff",,,,,,,,,,,,,,,,,,,,,,
,,,,"3152","Hextech Protobelt-01",,,,,,,,,,,,,,,,,,,,,,
,,,,"3089","Rabadon's Deathcap",,,,,,,,,,,,,,,,,,,,,,
"Volibear",37,4,"4","1401","Enchantment: Cinderhulk","1039","Hunter's Talisman","W","E","W","Q","W","R","W","Q","W","Q","R","Q","Q","E","E","R","E","E","60.24","166"
,,,,"3111","Mercury's Treads","2031","Refillable Potion",,,,,,,,,,,,,,,,,,,,
,,,,"3742","Dead Man's Plate",,,,,,,,,,,,,,,,,,,,,,
,,,,"3065","Spirit Visage",,,,,,,,,,,,,,,,,,,,,,
,,,,"3053","Sterak's Gage",,,,,,,,,,,,,,,,,,,,,,
,,,,"3075","Thornmail",,,,,,,,,,,,,,,,,,,,,,
,,3,"3","3065","Spirit Visage","2033","Corrupting Potion","Q","W","E","W","W","R","W","Q","W","Q","R","Q","Q","E","E","R","E","E","51.09","137"
,,,,"3111","Mercury's Treads",,,,,,,,,,,,,,,,,,,,,,
,,,,"3068","Sunfire Cape",,,,,,,,,,,,,,,,,,,,,,
,,,,"3083","Warmog's Armor",,,,,,,,,,,,,,,,,,,,,,
,,,,"3075","Thornmail",,,,,,,,,,,,,,,,,,,,,,
,,,,"3091","Wit's End",,,,,,,,,,,,,,,,,,,,,,
"Skarner",38,4,"4","3009","Boots of Swiftness","1039","Hunter's Talisman","Q","W","E","Q","Q","R","Q","E","Q","E","R","E","E","W","W","R","W","W","52.75","127"
,,,,"1401","Enchantment: Cinderhulk","2031","Refillable Potion",,,,,,,,,,,,,,,,,,,,
,,,,"3025","Iceborn Gauntlet",,,,,,,,,,,,,,,,,,,,,,
,,,,"3065","Spirit Visage",,,,,,,,,,,,,,,,,,,,,,
,,,,"3742","Dead Man's Plate",,,,,,,,,,,,,,,,,,,,,,
,,,,"3102","Banshee's Veil",,,,,,,,,,,,,,,,,,,,,,
"Malphite",39,3,"3","3068","Sunfire Cape","1056","Doran's Ring","W","E","Q","E","E","R","E","W","E","W","R","W","W","Q","Q","R","Q","Q","61.15","121"
,,,,"3025","Iceborn Gauntlet","2003","Health Potion",,,,,,,,,,,,,,,,,,,,
,,,,"3111","Mercury's Treads","2003","Health Potion",,,,,,,,,,,,,,,,,,,,
,,,,"3001","Abyssal Scepter",,,,,,,,,,,,,,,,,,,,,,
,,,,"3143","Randuin's Omen",,,,,,,,,,,,,,,,,,,,,,
,,,,"3075","Thornmail",,,,,,,,,,,,,,,,,,,,,,
,,5,"5","2049","Sightstone","2010","Total Biscuit of Rejuvenation","Q","E","Q","E","Q","R","Q","E","Q","E","R","E","W","W","W","R","W","W","52.2","136"
,,,,"3117","Boots of Mobility","2010","Total Biscuit of Rejuvenation",,,,,,,,,,,,,,,,,,,,
,,,,"3401","Face of the Mountain","2010","Total Biscuit of Rejuvenation",,,,,,,,,,,,,,,,,,,,
,,,,"3190","Locket of the Iron Solari","3302","Relic Shield",,,,,,,,,,,,,,,,,,,,
,,,,"3060","Banner of Command",,,,,,,,,,,,,,,,,,,,,,
,,,,"3068","Sunfire Cape",,,,,,,,,,,,,,,,,,,,,,
"Corki",40,2,"2","3078","Trinity Force","1055","Doran's Blade","Q","W","E","Q","Q","R","Q","E","Q","E","R","E","E","W","W","R","W","W","46.25","227"
,,,,"3020","Sorcerer's Shoes","2003","Health Potion",,,,,,,,,,,,,,,,,,,,
,,,,"3031","Infinity Edge",,,,,,,,,,,,,,,,,,,,,,
,,,,"3094","Rapid Firecannon",,,,,,,,,,,,,,,,,,,,,,
,,,,"3072","The Bloodthirster",,,,,,,,,,,,,,,,,,,,,,
,,,,"3036","Lord Dominik's Regards",,,,,,,,,,,,,,,,,,,,,,
,,1,"1","3020","Sorcerer's Shoes","1055","Doran's Blade","Q","E","Q","W","Q","R","Q","E","Q","E","R","E","E","W","W","R","W","W","47.08","240"
,,,,"3078","Trinity Force","2010","Total Biscuit of Rejuvenation",,,,,,,,,,,,,,,,,,,,
,,,,"3031","Infinity Edge",,,,,,,,,,,,,,,,,,,,,,
,,,,"3094","Rapid Firecannon",,,,,,,,,,,,,,,,,,,,,,
,,,,"3053","Sterak's Gage",,,,,,,,,,,,,,,,,,,,,,
,,,,"3139","Mercurial Scimitar",,,,,,,,,,,,,,,,,,,,,,
"JarvanIV",41,4,"4","1400","Enchantment: Warrior","1041","Hunter's Machete","E","Q","Q","W","Q","R","Q","E","Q","E","R","E","E","W","W","R","W","W","52.66","150"
,,,,"3009","Boots of Swiftness","2031","Refillable Potion",,,,,,,,,,,,,,,,,,,,
,,,,"3071","The Black Cleaver",,,,,,,,,,,,,,,,,,,,,,
,,,,"3742","Dead Man's Plate",,,,,,,,,,,,,,,,,,,,,,
,,,,"3102","Banshee's Veil",,,,,,,,,,,,,,,,,,,,,,
,,,,"3026","Guardian Angel",,,,,,,,,,,,,,,,,,,,,,
,,3,"3","3074","Ravenous Hydra","2033","Corrupting Potion","Q","E","Q","W","Q","R","Q","E","Q","E","R","E","E","W","W","R","W","W","53.82","353"
,,,,"3111","Mercury's Treads",,,,,,,,,,,,,,,,,,,,,,
,,,,"3071","The Black Cleaver",,,,,,,,,,,,,,,,,,,,,,
,,,,"3742","Dead Man's Plate",,,,,,,,,,,,,,,,,,,,,,
,,,,"3053","Sterak's Gage",,,,,,,,,,,,,,,,,,,,,,
,,,,"3075","Thornmail",,,,,,,,,,,,,,,,,,,,,,
"MonkeyKing",42,4,"4","3117","Boots of Mobility","1039","Hunter's Talisman","E","W","Q","E","E","R","E","Q","E","Q","R","Q","Q","W","W","R","W","W","54.78","2059"
,,,,"1400","Enchantment: Warrior","2031","Refillable Potion",,,,,,,,,,,,,,,,,,,,
,,,,"3142","Youmuu's Ghostblade",,,,,,,,,,,,,,,,,,,,,,
,,,,"3071","The Black Cleaver",,,,,,,,,,,,,,,,,,,,,,
,,,,"3156","Maw of Malmortius",,,,,,,,,,,,,,,,,,,,,,
,,,,"3102","Banshee's Veil",,,,,,,,,,,,,,,,,,,,,,
,,3,"3","3142","Youmuu's Ghostblade","1036","Long Sword","E","Q","E","W","E","R","E","Q","E","Q","R","Q","Q","W","W","R","W","W","63.13","198"
,,,,"3071","The Black Cleaver","2003","Health Potion",,,,,,,,,,,,,,,,,,,,
,,,,"3009","Boots of Swiftness","2003","Health Potion",,,,,,,,,,,,,,,,,,,,
,,,,"3053","Sterak's Gage","2003","Health Potion",,,,,,,,,,,,,,,,,,,,
,,,,"3074","Ravenous Hydra",,,,,,,,,,,,,,,,,,,,,,
,,,,"3026","Guardian Angel",,,,,,,,,,,,,,,,,,,,,,
"Rengar",43,4,"4","1412","Enchantment: Warrior","1041","Hunter's Machete","Q","E","W","Q","Q","R","Q","E","Q","E","R","E","E","W","W","R","W","W","49.3","1659"
,,,,"3142","Youmuu's Ghostblade","2031","Refillable Potion",,,,,,,,,,,,,,,,,,,,
,,,,"3158","Ionian Boots of Lucidity",,,,,,,,,,,,,,,,,,,,,,
,,,,"3046","Phantom Dancer",,,,,,,,,,,,,,,,,,,,,,
,,,,"3087","Statikk Shiv",,,,,,,,,,,,,,,,,,,,,,
,,,,"3031","Infinity Edge",,,,,,,,,,,,,,,,,,,,,,
,,3,"3","3047","Ninja Tabi","1036","Long Sword","Q","W","E","Q","Q","R","Q","E","Q","E","R","E","E","W","W","R","W","W","49.19","807"
,,,,"3074","Ravenous Hydra","2010","Total Biscuit of Rejuvenation",,,,,,,,,,,,,,,,,,,,
,,,,"3142","Youmuu's Ghostblade","2010","Total Biscuit of Rejuvenation",,,,,,,,,,,,,,,,,,,,
,,,,"3046","Phantom Dancer","2010","Total Biscuit of Rejuvenation",,,,,,,,,,,,,,,,,,,,
,,,,"3156","Maw of Malmortius",,,,,,,,,,,,,,,,,,,,,,
,,,,"3508","Essence Reaver",,,,,,,,,,,,,,,,,,,,,,
"Thresh",44,5,"5","3009","Boots of Swiftness","2010","Total Biscuit of Rejuvenation","E","Q","W","Q","Q","R","Q","W","Q","W","R","W","W","E","E","R","E","E","50.18","2413"
,,,,"2049","Sightstone","2010","Total Biscuit of Rejuvenation",,,,,,,,,,,,,,,,,,,,
,,,,"3401","Face of the Mountain","2010","Total Biscuit of Rejuvenation",,,,,,,,,,,,,,,,,,,,
,,,,"3190","Locket of the Iron Solari","3302","Relic Shield",,,,,,,,,,,,,,,,,,,,
,,,,"3222","Mikael's Crucible",,,,,,,,,,,,,,,,,,,,,,
,,,,"3110","Frozen Heart",,,,,,,,,,,,,,,,,,,,,,
"Hecarim",45,4,"4","1401","Enchantment: Cinderhulk","1039","Hunter's Talisman","Q","W","Q","E","Q","R","Q","E","Q","E","R","E","E","W","W","R","W","W","57.16","614"
,,,,"3009","Boots of Swiftness","2031","Refillable Potion",,,,,,,,,,,,,,,,,,,,
,,,,"3078","Trinity Force",,,,,,,,,,,,,,,,,,,,,,
,,,,"3742","Dead Man's Plate",,,,,,,,,,,,,,,,,,,,,,
,,,,"3065","Spirit Visage",,,,,,,,,,,,,,,,,,,,,,
,,,,"3053","Sterak's Gage",,,,,,,,,,,,,,,,,,,,,,
,,3,"3","3047","Ninja Tabi","2033","Corrupting Potion","Q","W","Q","E","Q","R","Q","E","Q","E","R","E","E","W","W","R","W","W","56.95","223"
,,,,"3078","Trinity Force",,,,,,,,,,,,,,,,,,,,,,
,,,,"3742","Dead Man's Plate",,,,,,,,,,,,,,,,,,,,,,
,,,,"3065","Spirit Visage",,,,,,,,,,,,,,,,,,,,,,
,,,,"3110","Frozen Heart",,,,,,,,,,,,,,,,,,,,,,
,,,,"3110","Frozen Heart",,,,,,,,,,,,,,,,,,,,,,
"Viktor",46,2,"2","3001","Abyssal Scepter","1056","Doran's Ring","E","Q","E","W","E","R","E","Q","E","Q","R","Q","Q","W","W","R","W","W","51.84","3983"
,,,,"3158","Ionian Boots of Lucidity","2010","Total Biscuit of Rejuvenation",,,,,,,,,,,,,,,,,,,,
,,,,"3116","Rylai's Crystal Scepter","2010","Total Biscuit of Rejuvenation",,,,,,,,,,,,,,,,,,,,
,,,,"3198","Perfect Hex Core",,,,,,,,,,,,,,,,,,,,,,
,,,,"3089","Rabadon's Deathcap",,,,,,,,,,,,,,,,,,,,,,
,,,,"3135","Void Staff",,,,,,,,,,,,,,,,,,,,,,
"Quinn",47,3,"3","3009","Boots of Swiftness","1055","Doran's Blade","Q","E","Q","W","Q","R","Q","E","Q","E","R","E","E","W","W","R","W","W","60.25","234"
,,,,"3142","Youmuu's Ghostblade","2003","Health Potion",,,,,,,,,,,,,,,,,,,,
,,,,"3087","Statikk Shiv",,,,,,,,,,,,,,,,,,,,,,
,,,,"3031","Infinity Edge",,,,,,,,,,,,,,,,,,,,,,
,,,,"3026","Guardian Angel",,,,,,,,,,,,,,,,,,,,,,
,,,,"3072","The Bloodthirster",,,,,,,,,,,,,,,,,,,,,,
,,2,"2",,,"1055","Doran's Blade","E","Q","W","Q","Q","R","Q","W","Q","W","R","W","W","E","E","R","E","E","64.51","31"
,,,,,,"2003","Health Potion",,,,,,,,,,,,,,,,,,,,
,,4,"4","1412","Enchantment: Warrior","1041","Hunter's Machete","Q","E","W","Q","Q","R","Q","E","Q","E","R","E","E","W","W","R","W","W","50.15","321"
,,,,"3117","Boots of Mobility","2031","Refillable Potion",,,,,,,,,,,,,,,,,,,,
,,,,"3142","Youmuu's Ghostblade",,,,,,,,,,,,,,,,,,,,,,
,,,,"3156","Maw of Malmortius",,,,,,,,,,,,,,,,,,,,,,
,,,,"3147","Duskblade of Draktharr",,,,,,,,,,,,,,,,,,,,,,
,,,,"3071","The Black Cleaver",,,,,,,,,,,,,,,,,,,,,,
,,1,"1","3006","Berserker's Greaves","1055","Doran's Blade","Q","E","W","Q","Q","R","Q","E","Q","E","R","E","E","W","W","R","W","W","51.83","245"
,,,,"3031","Infinity Edge","2010","Total Biscuit of Rejuvenation",,,,,,,,,,,,,,,,,,,,
,,,,"3087","Statikk Shiv",,,,,,,,,,,,,,,,,,,,,,
,,,,"3036","Lord Dominik's Regards",,,,,,,,,,,,,,,,,,,,,,
,,,,"3072","The Bloodthirster",,,,,,,,,,,,,,,,,,,,,,
,,,,"3102","Banshee's Veil",,,,,,,,,,,,,,,,,,,,,,
"Zac",48,4,"4","1401","Enchantment: Cinderhulk","1039","Hunter's Talisman","E","W","Q","E","E","R","E","W","E","W","R","W","W","Q","Q","R","Q","Q","53.07","179"
,,,,"3065","Spirit Visage","2031","Refillable Potion",,,,,,,,,,,,,,,,,,,,
,,,,"3158","Ionian Boots of Lucidity",,,,,,,,,,,,,,,,,,,,,,
,,,,"3143","Randuin's Omen",,,,,,,,,,,,,,,,,,,,,,
,,,,"3512","Zz'Rot Portal",,,,,,,,,,,,,,,,,,,,,,
,,,,"3060","Banner of Command",,,,,,,,,,,,,,,,,,,,,,
,,3,"3","3065","Spirit Visage","1029","Cloth Armor","Q","E","W","Q","Q","R","Q","E","Q","E","R","E","E","W","W","R","W","W","57.37","244"
,,,,"3158","Ionian Boots of Lucidity","2003","Health Potion",,,,,,,,,,,,,,,,,,,,
,,,,"3068","Sunfire Cape","2003","Health Potion",,,,,,,,,,,,,,,,,,,,
,,,,"3151","Liandry's Torment","2003","Health Potion",,,,,,,,,,,,,,,,,,,,
,,,,"3190","Locket of the Iron Solari","2003","Health Potion",,,,,,,,,,,,,,,,,,,,
,,,,"3075","Thornmail",,,,,,,,,,,,,,,,,,,,,,
"Malzahar",49,2,"2","3027","Rod of Ages","1056","Doran's Ring","E","Q","W","E","E","R","E","Q","E","Q","R","Q","Q","W","W","R","W","W","59","322"
,,,,"3020","Sorcerer's Shoes","2010","Total Biscuit of Rejuvenation",,,,,,,,,,,,,,,,,,,,
,,,,"3116","Rylai's Crystal Scepter","2010","Total Biscuit of Rejuvenation",,,,,,,,,,,,,,,,,,,,
,,,,"3151","Liandry's Torment",,,,,,,,,,,,,,,,,,,,,,
,,,,"3165","Morellonomicon",,,,,,,,,,,,,,,,,,,,,,
,,,,"3089","Rabadon's Deathcap",,,,,,,,,,,,,,,,,,,,,,
,,3,"3","3165","Morellonomicon","1056","Doran's Ring","W","E","Q","W","W","R","W","E","W","E","R","E","E","Q","Q","R","Q","Q","54.05","37"
,,,,"3020","Sorcerer's Shoes","2003","Health Potion",,,,,,,,,,,,,,,,,,,,
,,,,"3116","Rylai's Crystal Scepter","2003","Health Potion",,,,,,,,,,,,,,,,,,,,
,,,,"3151","Liandry's Torment",,,,,,,,,,,,,,,,,,,,,,
,,,,"3135","Void Staff",,,,,,,,,,,,,,,,,,,,,,
,,,,"3089","Rabadon's Deathcap",,,,,,,,,,,,,,,,,,,,,,
,,4,"4","1414","Enchantment: Runic Echoes","1039","Hunter's Talisman","W","E","W","Q","W","R","W","E","W","E","R","E","E","Q","Q","R","Q","Q","55.72","131"
,,,,"3020","Sorcerer's Shoes","2003","Health Potion",,,,,,,,,,,,,,,,,,,,
,,,,"3116","Rylai's Crystal Scepter","2003","Health Potion",,,,,,,,,,,,,,,,,,,,
,,,,"3151","Liandry's Torment","2003","Health Potion",,,,,,,,,,,,,,,,,,,,
,,,,"3135","Void Staff",,,,,,,,,,,,,,,,,,,,,,
,,,,"3089","Rabadon's Deathcap",,,,,,,,,,,,,,,,,,,,,,
"Lux",50,2,"2","3165","Morellonomicon","1056","Doran's Ring","Q","E","E","W","E","R","E","Q","E","Q","R","Q","Q","W","W","R","W","W","52.35","361"
,,,,"3285","Luden's Echo","2010","Total Biscuit of Rejuvenation",,,,,,,,,,,,,,,,,,,,
,,,,"3020","Sorcerer's Shoes","2010","Total Biscuit of Rejuvenation",,,,,,,,,,,,,,,,,,,,
,,,,"3089","Rabadon's Deathcap",,,,,,,,,,,,,,,,,,,,,,
,,,,"3135","Void Staff",,,,,,,,,,,,,,,,,,,,,,
,,,,"3157","Zhonya's Hourglass",,,,,,,,,,,,,,,,,,,,,,
,,5,"5","2049","Sightstone","1056","Doran's Ring","Q","E","W","E","E","R","E","Q","E","Q","R","Q","Q","W","W","R","W","W","53.06","245"
,,,,"3020","Sorcerer's Shoes","2010","Total Biscuit of Rejuvenation",,,,,,,,,,,,,,,,,,,,
,,,,"3092","Frost Queen's Claim","2010","Total Biscuit of Rejuvenation",,,,,,,,,,,,,,,,,,,,
,,,,"3041","Mejai's Soulstealer",,,,,,,,,,,,,,,,,,,,,,
,,,,"3285","Luden's Echo",,,,,,,,,,,,,,,,,,,,,,
,,,,"3089","Rabadon's Deathcap",,,,,,,,,,,,,,,,,,,,,,
"Aatrox",51,3,"3","3153","Blade of the Ruined King","1055","Doran's Blade","E","W","Q","E","E","R","E","W","E","W","R","W","W","Q","Q","R","Q","Q","51.53","196"
,,,,"3074","Ravenous Hydra","2003","Health Potion",,,,,,,,,,,,,,,,,,,,
,,,,"3047","Ninja Tabi",,,,,,,,,,,,,,,,,,,,,,
,,,,"3111","Mercury's Treads",,,,,,,,,,,,,,,,,,,,,,
,,,,"3072","The Bloodthirster",,,,,,,,,,,,,,,,,,,,,,
,,,,"3065","Spirit Visage",,,,,,,,,,,,,,,,,,,,,,
,,4,"4",,,"1041","Hunter's Machete","W","E","Q","E","E","R","E","W","E","W","R","W","W","Q","Q","R","Q","Q","58.33","24"
,,,,,,"2031","Refillable Potion",,,,,,,,,,,,,,,,,,,,
"TahmKench",52,3,"3","3065","Spirit Visage","2033","Corrupting Potion","Q","W","E","Q","Q","R","Q","W","Q","W","R","W","W","E","E","R","E","E","47.87","424"
,,,,"3009","Boots of Swiftness",,,,,,,,,,,,,,,,,,,,,,
,,,,"3068","Sunfire Cape",,,,,,,,,,,,,,,,,,,,,,
,,,,"3742","Dead Man's Plate",,,,,,,,,,,,,,,,,,,,,,
,,,,"3075","Thornmail",,,,,,,,,,,,,,,,,,,,,,
,,,,"3026","Guardian Angel",,,,,,,,,,,,,,,,,,,,,,
,,5,"5","2049","Sightstone","2010","Total Biscuit of Rejuvenation","W","Q","E","Q","Q","R","Q","W","Q","W","R","W","W","E","E","R","E","E","53.84","208"
,,,,"3009","Boots of Swiftness","2010","Total Biscuit of Rejuvenation",,,,,,,,,,,,,,,,,,,,
,,,,"3401","Face of the Mountain","2010","Total Biscuit of Rejuvenation",,,,,,,,,,,,,,,,,,,,
,,,,"3190","Locket of the Iron Solari","3302","Relic Shield",,,,,,,,,,,,,,,,,,,,
,,,,"3742","Dead Man's Plate",,,,,,,,,,,,,,,,,,,,,,
,,,,"3065","Spirit Visage",,,,,,,,,,,,,,,,,,,,,,
"Diana",53,4,"4","1414","Enchantment: Runic Echoes","1039","Hunter's Talisman","W","Q","Q","E","Q","R","Q","W","Q","W","R","W","W","E","E","R","E","E","52.48","806"
,,,,"3152","Hextech Protobelt-01","2031","Refillable Potion",,,,,,,,,,,,,,,,,,,,
,,,,"3020","Sorcerer's Shoes",,,,,,,,,,,,,,,,,,,,,,
,,,,"3001","Abyssal Scepter",,,,,,,,,,,,,,,,,,,,,,
,,,,"3135","Void Staff",,,,,,,,,,,,,,,,,,,,,,
,,,,"3157","Zhonya's Hourglass",,,,,,,,,,,,,,,,,,,,,,
,,2,"2","3157","Zhonya's Hourglass","1056","Doran's Ring","Q","W","Q","E","Q","R","Q","W","Q","W","R","W","W","E","E","R","E","E","50.06","821"
,,,,"3115","Nashor's Tooth","2003","Health Potion",,,,,,,,,,,,,,,,,,,,
,,,,"3020","Sorcerer's Shoes","2003","Health Potion",,,,,,,,,,,,,,,,,,,,
,,,,"3089","Rabadon's Deathcap",,,,,,,,,,,,,,,,,,,,,,
,,,,"3135","Void Staff",,,,,,,,,,,,,,,,,,,,,,
,,,,"3152","Hextech Protobelt-01",,,,,,,,,,,,,,,,,,,,,,
"Shyvana",54,3,"3",,,"1054","Doran's Shield","W","E","Q","W","W","R","W","E","W","E","R","E","E","Q","Q","R","Q","Q","45.16","62"
,,,,,,"2003","Health Potion",,,,,,,,,,,,,,,,,,,,
,,4,"4","1416","Enchantment: Bloodrazor","1039","Hunter's Talisman","W","E","Q","W","W","R","W","E","W","E","R","E","E","Q","Q","R","Q","Q","54.67","717"
,,,,"3153","Blade of the Ruined King","2031","Refillable Potion",,,,,,,,,,,,,,,,,,,,
,,,,"3111","Mercury's Treads",,,,,,,,,,,,,,,,,,,,,,
,,,,"3742","Dead Man's Plate",,,,,,,,,,,,,,,,,,,,,,
,,,,"3068","Sunfire Cape",,,,,,,,,,,,,,,,,,,,,,
,,,,"3065","Spirit Visage",,,,,,,,,,,,,,,,,,,,,,
"Nunu",55,4,"4","1409","Enchantment: Cinderhulk","1041","Hunter's Machete","Q","E","Q","W","Q","R","Q","E","Q","E","R","E","E","W","W","R","W","W","61.29","93"
,,,,"3009","Boots of Swiftness","2031","Refillable Potion",,,,,,,,,,,,,,,,,,,,
,,,,"3110","Frozen Heart",,,,,,,,,,,,,,,,,,,,,,
,,,,"3065","Spirit Visage",,,,,,,,,,,,,,,,,,,,,,
,,,,"3026","Guardian Angel",,,,,,,,,,,,,,,,,,,,,,
,,,,"3075","Thornmail",,,,,,,,,,,,,,,,,,,,,,
"Alistar",56,5,"5","3009","Boots of Swiftness","2031","Refillable Potion","Q","W","E","Q","Q","R","Q","W","Q","W","R","W","W","E","E","R","E","E","49.71","7622"
,,,,"2049","Sightstone","3302","Relic Shield",,,,,,,,,,,,,,,,,,,,
,,,,"3190","Locket of the Iron Solari",,,,,,,,,,,,,,,,,,,,,,
,,,,"3222","Mikael's Crucible",,,,,,,,,,,,,,,,,,,,,,
,,,,"3512","Zz'Rot Portal",,,,,,,,,,,,,,,,,,,,,,
,,,,"3075","Thornmail",,,,,,,,,,,,,,,,,,,,,,
"MasterYi",57,4,"4","1419","Enchantment: Bloodrazor","1041","Hunter's Machete","Q","E","Q","W","Q","R","Q","E","Q","E","R","E","E","W","W","R","W","W","51.21","1033"
,,,,"3153","Blade of the Ruined King",,,,,,,,,,,,,,,,,,,,,,
,,,,"3006","Berserker's Greaves",,,,,,,,,,,,,,,,,,,,,,
,,,,"3156","Maw of Malmortius",,,,,,,,,,,,,,,,,,,,,,
,,,,"3742","Dead Man's Plate",,,,,,,,,,,,,,,,,,,,,,
,,,,"3142","Youmuu's Ghostblade",,,,,,,,,,,,,,,,,,,,,,
"Sivir",58,1,"1","3009","Boots of Swiftness","1055","Doran's Blade","W","E","Q","Q","Q","R","Q","W","Q","W","R","W","W","E","E","R","E","E","56.2","2829"
,,,,"3508","Essence Reaver","2010","Total Biscuit of Rejuvenation",,,,,,,,,,,,,,,,,,,,
,,,,"3046","Phantom Dancer",,,,,,,,,,,,,,,,,,,,,,
,,,,"3031","Infinity Edge",,,,,,,,,,,,,,,,,,,,,,
,,,,"3072","The Bloodthirster",,,,,,,,,,,,,,,,,,,,,,
,,,,"3026","Guardian Angel",,,,,,,,,,,,,,,,,,,,,,
"Galio",59,3,"3","3027","Rod of Ages","1056","Doran's Ring","Q","E","Q","W","Q","R","Q","E","Q","E","R","E","E","W","W","R","W","W","51.66","60"
,,,,"3111","Mercury's Treads","2003","Health Potion",,,,,,,,,,,,,,,,,,,,
,,,,"3001","Abyssal Scepter","2003","Health Potion",,,,,,,,,,,,,,,,,,,,
,,,,"3065","Spirit Visage",,,,,,,,,,,,,,,,,,,,,,
,,,,"3157","Zhonya's Hourglass",,,,,,,,,,,,,,,,,,,,,,
,,,,"3135","Void Staff",,,,,,,,,,,,,,,,,,,,,,
,,2,"2","3027","Rod of Ages","1056","Doran's Ring","Q","E","Q","W","Q","R","Q","E","Q","E","R","E","E","W","W","R","W","W","62.5","168"
,,,,"3001","Abyssal Scepter","2003","Health Potion",,,,,,,,,,,,,,,,,,,,
,,,,"3111","Mercury's Treads","2003","Health Potion",,,,,,,,,,,,,,,,,,,,
,,,,"3089","Rabadon's Deathcap",,,,,,,,,,,,,,,,,,,,,,
,,,,"3065","Spirit Visage",,,,,,,,,,,,,,,,,,,,,,
,,,,"3135","Void Staff",,,,,,,,,,,,,,,,,,,,,,
"Anivia",60,2,"2","3027","Rod of Ages","1056","Doran's Ring","Q","E","E","Q","E","R","E","W","E","Q","R","Q","Q","W","W","R","W","W","56.25","464"
,,,,"3003","Archangel's Staff","2010","Total Biscuit of Rejuvenation",,,,,,,,,,,,,,,,,,,,
,,,,"3020","Sorcerer's Shoes","2010","Total Biscuit of Rejuvenation",,,,,,,,,,,,,,,,,,,,
,,,,"3089","Rabadon's Deathcap",,,,,,,,,,,,,,,,,,,,,,
,,,,"3001","Abyssal Scepter",,,,,,,,,,,,,,,,,,,,,,
,,,,"3135","Void Staff",,,,,,,,,,,,,,,,,,,,,,
"XinZhao",61,3,"3",,,"1055","Doran's Blade","W","Q","E","W","W","R","W","Q","W","Q","R","Q","Q","E","E","R","E","E","50.79","63"
,,,,,,"2003","Health Potion",,,,,,,,,,,,,,,,,,,,
,,4,"4","1419","Enchantment: Bloodrazor","1041","Hunter's Machete","W","Q","E","Q","Q","R","Q","W","Q","W","R","W","W","E","E","R","E","E","51.87","401"
,,,,"3153","Blade of the Ruined King","2031","Refillable Potion",,,,,,,,,,,,,,,,,,,,
,,,,"3111","Mercury's Treads",,,,,,,,,,,,,,,,,,,,,,
,,,,"3078","Trinity Force",,,,,,,,,,,,,,,,,,,,,,
,,,,"3065","Spirit Visage",,,,,,,,,,,,,,,,,,,,,,
,,,,"3102","Banshee's Veil",,,,,,,,,,,,,,,,,,,,,,
"Katarina",62,2,"2","3285","Luden's Echo","1082","The Dark Seal","Q","E","W","W","W","R","W","Q","W","Q","R","Q","Q","E","E","R","E","E","56.72","171"
,,,,"3020","Sorcerer's Shoes","2031","Refillable Potion",,,,,,,,,,,,,,,,,,,,
,,,,"3089","Rabadon's Deathcap",,,,,,,,,,,,,,,,,,,,,,
,,,,"3157","Zhonya's Hourglass",,,,,,,,,,,,,,,,,,,,,,
,,,,"3135","Void Staff",,,,,,,,,,,,,,,,,,,,,,
,,,,"3026","Guardian Angel",,,,,,,,,,,,,,,,,,,,,,
"Nocturne",63,4,"4","1400","Enchantment: Warrior","1039","Hunter's Talisman","Q","W","Q","E","Q","R","Q","E","Q","E","R","E","E","W","W","R","W","W","53.35","328"
,,,,"3158","Ionian Boots of Lucidity","2031","Refillable Potion",,,,,,,,,,,,,,,,,,,,
,,,,"3142","Youmuu's Ghostblade",,,,,,,,,,,,,,,,,,,,,,
,,,,"3074","Ravenous Hydra",,,,,,,,,,,,,,,,,,,,,,
,,,,"3156","Maw of Malmortius",,,,,,,,,,,,,,,,,,,,,,
,,,,"3053","Sterak's Gage",,,,,,,,,,,,,,,,,,,,,,
"Soraka",64,5,"5","2049","Sightstone","2031","Refillable Potion","Q","W","W","E","W","R","W","Q","W","Q","R","Q","Q","E","E","R","E","E","56.06","132"
,,,,"3158","Ionian Boots of Lucidity","3303","Spellthief's Edge",,,,,,,,,,,,,,,,,,,,
,,,,"3190","Locket of the Iron Solari",,,,,,,,,,,,,,,,,,,,,,
,,,,"3083","Warmog's Armor",,,,,,,,,,,,,,,,,,,,,,
,,,,"3102","Banshee's Veil",,,,,,,,,,,,,,,,,,,,,,
,,,,"3512","Zz'Rot Portal",,,,,,,,,,,,,,,,,,,,,,
"Caitlyn",65,1,"1","3085","Runaan's Hurricane","1055","Doran's Blade","Q","W","E","W","W","R","W","Q","W","Q","R","Q","Q","E","E","R","E","E","52.62","916"
,,,,"3031","Infinity Edge","2010","Total Biscuit of Rejuvenation",,,,,,,,,,,,,,,,,,,,
,,,,"3006","Berserker's Greaves",,,,,,,,,,,,,,,,,,,,,,
,,,,"3094","Rapid Firecannon",,,,,,,,,,,,,,,,,,,,,,
,,,,"3072","The Bloodthirster",,,,,,,,,,,,,,,,,,,,,,
,,,,"3036","Lord Dominik's Regards",,,,,,,,,,,,,,,,,,,,,,
"Blitzcrank",66,5,"5","3009","Boots of Swiftness","2031","Refillable Potion","Q","E","W","Q","Q","R","Q","W","Q","W","R","W","W","E","E","R","E","E","54.28","8431"
,,,,"2049","Sightstone","3302","Relic Shield",,,,,,,,,,,,,,,,,,,,
,,,,"3401","Face of the Mountain",,,,,,,,,,,,,,,,,,,,,,
,,,,"3190","Locket of the Iron Solari",,,,,,,,,,,,,,,,,,,,,,
,,,,"3110","Frozen Heart",,,,,,,,,,,,,,,,,,,,,,
,,,,"3102","Banshee's Veil",,,,,,,,,,,,,,,,,,,,,,
"Garen",67,3,"3","3065","Spirit Visage","1029","Cloth Armor","Q","E","E","W","E","R","E","Q","E","Q","R","Q","Q","W","W","R","W","W","52.98","587"
,,,,"3111","Mercury's Treads","2003","Health Potion",,,,,,,,,,,,,,,,,,,,
,,,,"3068","Sunfire Cape","2003","Health Potion",,,,,,,,,,,,,,,,,,,,
,,,,"3071","The Black Cleaver","2003","Health Potion",,,,,,,,,,,,,,,,,,,,
,,,,"3053","Sterak's Gage","2003","Health Potion",,,,,,,,,,,,,,,,,,,,
,,,,"3075","Thornmail",,,,,,,,,,,,,,,,,,,,,,
"Renekton",68,3,"3","3071","The Black Cleaver","1036","Long Sword","Q","W","E","Q","Q","R","Q","E","Q","E","R","E","E","W","W","R","W","W","51.29","1819"
,,,,"3047","Ninja Tabi","2003","Health Potion",,,,,,,,,,,,,,,,,,,,
,,,,"3748","Titanic Hydra","2003","Health Potion",,,,,,,,,,,,,,,,,,,,
,,,,"3742","Dead Man's Plate","2003","Health Potion",,,,,,,,,,,,,,,,,,,,
,,,,"3083","Warmog's Armor",,,,,,,,,,,,,,,,,,,,,,
,,,,"3742","Dead Man's Plate",,,,,,,,,,,,,,,,,,,,,,
"Poppy",69,3,"3","3025","Iceborn Gauntlet","2033","Corrupting Potion","Q","W","E","Q","Q","R","Q","E","Q","E","R","E","E","W","W","R","W","W","48.8","250"
,,,,"3009","Boots of Swiftness",,,,,,,,,,,,,,,,,,,,,,
,,,,"3068","Sunfire Cape",,,,,,,,,,,,,,,,,,,,,,
,,,,"3065","Spirit Visage",,,,,,,,,,,,,,,,,,,,,,
,,,,"3053","Sterak's Gage",,,,,,,,,,,,,,,,,,,,,,
,,,,"3026","Guardian Angel",,,,,,,,,,,,,,,,,,,,,,
,,4,"4","1401","Enchantment: Cinderhulk","1039","Hunter's Talisman","Q","E","W","Q","Q","R","Q","E","Q","E","R","E","E","W","W","R","W","W","47.41","348"
,,,,"3009","Boots of Swiftness","2031","Refillable Potion",,,,,,,,,,,,,,,,,,,,
,,,,"3742","Dead Man's Plate",,,,,,,,,,,,,,,,,,,,,,
,,,,"3025","Iceborn Gauntlet",,,,,,,,,,,,,,,,,,,,,,
,,,,"3190","Locket of the Iron Solari",,,,,,,,,,,,,,,,,,,,,,
,,,,"3068","Sunfire Cape",,,,,,,,,,,,,,,,,,,,,,
"Swain",70,2,"2","3027","Rod of Ages","1056","Doran's Ring","E","Q","W","Q","Q","R","Q","W","Q","W","R","W","W","E","E","R","E","E","59.07","325"
,,,,"3157","Zhonya's Hourglass","2003","Health Potion",,,,,,,,,,,,,,,,,,,,
,,,,"3020","Sorcerer's Shoes","2003","Health Potion",,,,,,,,,,,,,,,,,,,,
,,,,"3089","Rabadon's Deathcap",,,,,,,,,,,,,,,,,,,,,,
,,,,"3116","Rylai's Crystal Scepter",,,,,,,,,,,,,,,,,,,,,,
,,,,"3135","Void Staff",,,,,,,,,,,,,,,,,,,,,,
,,3,"3","3027","Rod of Ages","2033","Corrupting Potion","Q","E","W","Q","Q","R","Q","W","Q","W","R","W","W","E","E","R","E","E","58.02","629"
,,,,"3157","Zhonya's Hourglass",,,,,,,,,,,,,,,,,,,,,,
,,,,"3020","Sorcerer's Shoes",,,,,,,,,,,,,,,,,,,,,,
,,,,"3116","Rylai's Crystal Scepter",,,,,,,,,,,,,,,,,,,,,,
,,,,"3065","Spirit Visage",,,,,,,,,,,,,,,,,,,,,,
,,,,"3135","Void Staff",,,,,,,,,,,,,,,,,,,,,,
"Varus",71,2,"2","3142","Youmuu's Ghostblade","2033","Corrupting Potion","E","Q","Q","W","Q","R","Q","E","Q","E","R","E","E","W","W","R","W","W","53.54","155"
,,,,"3004","Manamune",,,,,,,,,,,,,,,,,,,,,,
,,,,"3158","Ionian Boots of Lucidity",,,,,,,,,,,,,,,,,,,,,,
,,,,"3156","Maw of Malmortius",,,,,,,,,,,,,,,,,,,,,,
,,,,"3033","Mortal Reminder",,,,,,,,,,,,,,,,,,,,,,
,,,,"3139","Mercurial Scimitar",,,,,,,,,,,,,,,,,,,,,,
,,1,"1","3004","Manamune","1055","Doran's Blade","Q","E","W","Q","Q","R","Q","E","Q","E","R","E","E","W","W","R","W","W","51.48","371"
,,,,"3142","Youmuu's Ghostblade","2010","Total Biscuit of Rejuvenation",,,,,,,,,,,,,,,,,,,,
,,,,"3158","Ionian Boots of Lucidity",,,,,,,,,,,,,,,,,,,,,,
,,,,"3036","Lord Dominik's Regards",,,,,,,,,,,,,,,,,,,,,,
,,,,"3158","Ionian Boots of Lucidity",,,,,,,,,,,,,,,,,,,,,,
,,,,"3812","Death's Dance",,,,,,,,,,,,,,,,,,,,,,
"Lissandra",72,3,"3","3027","Rod of Ages","2033","Corrupting Potion","Q","W","E","Q","Q","R","Q","W","Q","W","R","W","W","E","E","R","E","E","50.34","1176"
,,,,"3020","Sorcerer's Shoes",,,,,,,,,,,,,,,,,,,,,,
,,,,"3157","Zhonya's Hourglass",,,,,,,,,,,,,,,,,,,,,,
,,,,"3001","Abyssal Scepter",,,,,,,,,,,,,,,,,,,,,,
,,,,"3135","Void Staff",,,,,,,,,,,,,,,,,,,,,,
,,,,"3116","Rylai's Crystal Scepter",,,,,,,,,,,,,,,,,,,,,,
,,2,"2","3001","Abyssal Scepter","1056","Doran's Ring","Q","W","Q","E","Q","R","Q","W","Q","W","R","W","W","E","E","R","E","E","52.72","349"
,,,,"3020","Sorcerer's Shoes","2010","Total Biscuit of Rejuvenation",,,,,,,,,,,,,,,,,,,,
,,,,"3157","Zhonya's Hourglass","2010","Total Biscuit of Rejuvenation",,,,,,,,,,,,,,,,,,,,
,,,,"3089","Rabadon's Deathcap",,,,,,,,,,,,,,,,,,,,,,
,,,,"3135","Void Staff",,,,,,,,,,,,,,,,,,,,,,
,,,,"3116","Rylai's Crystal Scepter",,,,,,,,,,,,,,,,,,,,,,
"Fizz",73,2,"2","3001","Abyssal Scepter","1056","Doran's Ring","E","W","Q","W","E","R","E","E","E","W","R","W","W","Q","Q","R","Q","Q","54.74","537"
,,,,"3158","Ionian Boots of Lucidity",,,,,,,,,,,,,,,,,,,,,,
,,,,"3100","Lich Bane",,,,,,,,,,,,,,,,,,,,,,
,,,,"3157","Zhonya's Hourglass",,,,,,,,,,,,,,,,,,,,,,
,,,,"3089","Rabadon's Deathcap",,,,,,,,,,,,,,,,,,,,,,
,,,,"3135","Void Staff",,,,,,,,,,,,,,,,,,,,,,
,,4,"4","1402","Enchantment: Runic Echoes","2033","Corrupting Potion","W","Q","E","W","W","R","W","E","W","E","R","E","E","Q","Q","R","Q","Q","52.06","436"
,,,,"3158","Ionian Boots of Lucidity",,,,,,,,,,,,,,,,,,,,,,
,,,,"3100","Lich Bane",,,,,,,,,,,,,,,,,,,,,,
,,,,"3157","Zhonya's Hourglass",,,,,,,,,,,,,,,,,,,,,,
,,,,"3089","Rabadon's Deathcap",,,,,,,,,,,,,,,,,,,,,,
,,,,"3001","Abyssal Scepter",,,,,,,,,,,,,,,,,,,,,,
,,3,"3","3025","Iceborn Gauntlet","2033","Corrupting Potion","W","Q","E","E","E","R","E","W","E","W","R","W","W","Q","Q","R","Q","Q","57.14","147"
,,,,"3068","Sunfire Cape",,,,,,,,,,,,,,,,,,,,,,
,,,,"3111","Mercury's Treads",,,,,,,,,,,,,,,,,,,,,,
,,,,"3065","Spirit Visage",,,,,,,,,,,,,,,,,,,,,,
,,,,"3026","Guardian Angel",,,,,,,,,,,,,,,,,,,,,,
,,,,"3157","Zhonya's Hourglass",,,,,,,,,,,,,,,,,,,,,,
"Shen",74,3,"3","3068","Sunfire Cape","1028","Ruby Crystal","E","Q","W","Q","Q","R","Q","E","Q","E","R","E","E","W","W","R","W","W","54.85","319"
,,,,"3065","Spirit Visage","2003","Health Potion",,,,,,,,,,,,,,,,,,,,
,,,,"3111","Mercury's Treads","2003","Health Potion",,,,,,,,,,,,,,,,,,,,
,,,,"3075","Thornmail",,,,,,,,,,,,,,,,,,,,,,
,,,,"3053","Sterak's Gage",,,,,,,,,,,,,,,,,,,,,,
,,,,"3102","Banshee's Veil",,,,,,,,,,,,,,,,,,,,,,
"Heimerdinger",75,3,"3","3157","Zhonya's Hourglass","1056","Doran's Ring","Q","W","E","Q","Q","R","Q","W","Q","W","R","W","W","E","E","R","E","E","44.94","445"
,,,,"3020","Sorcerer's Shoes","2003","Health Potion",,,,,,,,,,,,,,,,,,,,
,,,,"3116","Rylai's Crystal Scepter","2003","Health Potion",,,,,,,,,,,,,,,,,,,,
,,,,"3089","Rabadon's Deathcap",,,,,,,,,,,,,,,,,,,,,,
,,,,"3151","Liandry's Torment",,,,,,,,,,,,,,,,,,,,,,
,,,,"3135","Void Staff",,,,,,,,,,,,,,,,,,,,,,
,,2,"2","3157","Zhonya's Hourglass","1056","Doran's Ring","Q","W","E","Q","Q","R","Q","W","Q","W","R","W","W","E","E","R","E","E","52.27","396"
,,,,"3020","Sorcerer's Shoes","2010","Total Biscuit of Rejuvenation",,,,,,,,,,,,,,,,,,,,
,,,,"3165","Morellonomicon","2010","Total Biscuit of Rejuvenation",,,,,,,,,,,,,,,,,,,,
,,,,"3116","Rylai's Crystal Scepter",,,,,,,,,,,,,,,,,,,,,,
,,,,"3135","Void Staff",,,,,,,,,,,,,,,,,,,,,,
,,,,"3151","Liandry's Torment",,,,,,,,,,,,,,,,,,,,,,
"Cassiopeia",76,3,"3",,,"1056","Doran's Ring","E","Q","E","W","E","R","E","Q","E","Q","R","Q","Q","W","W","R","W","W","54.67","139"
,,,,,,"2010","Total Biscuit of Rejuvenation",,,,,,,,,,,,,,,,,,,,
,,,,,,"2010","Total Biscuit of Rejuvenation",,,,,,,,,,,,,,,,,,,,
,,2,"2","3001","Abyssal Scepter","1056","Doran's Ring","Q","E","E","W","E","R","E","Q","E","Q","R","Q","Q","W","W","R","W","W","54.29","547"
,,,,"3116","Rylai's Crystal Scepter","2010","Total Biscuit of Rejuvenation",,,,,,,,,,,,,,,,,,,,
,,,,"3003","Archangel's Staff","2010","Total Biscuit of Rejuvenation",,,,,,,,,,,,,,,,,,,,
,,,,"3135","Void Staff",,,,,,,,,,,,,,,,,,,,,,
,,,,"3165","Morellonomicon",,,,,,,,,,,,,,,,,,,,,,
,,,,"3157","Zhonya's Hourglass",,,,,,,,,,,,,,,,,,,,,,
"Kennen",77,2,"2","3001","Abyssal Scepter","1055","Doran's Blade","Q","W","E","Q","Q","R","Q","W","Q","W","R","W","W","E","E","R","E","E","50.46","644"
,,,,"3157","Zhonya's Hourglass","2003","Health Potion",,,,,,,,,,,,,,,,,,,,
,,,,"3020","Sorcerer's Shoes",,,,,,,,,,,,,,,,,,,,,,
,,,,"3285","Luden's Echo",,,,,,,,,,,,,,,,,,,,,,
,,,,"3116","Rylai's Crystal Scepter",,,,,,,,,,,,,,,,,,,,,,
,,,,"3089","Rabadon's Deathcap",,,,,,,,,,,,,,,,,,,,,,
,,3,"3","3152","Hextech Protobelt-01","1055","Doran's Blade","W","Q","E","W","W","R","W","Q","W","Q","R","Q","Q","E","E","R","E","E","50.96","520"
,,,,"3020","Sorcerer's Shoes","2003","Health Potion",,,,,,,,,,,,,,,,,,,,
,,,,"3157","Zhonya's Hourglass",,,,,,,,,,,,,,,,,,,,,,
,,,,"3116","Rylai's Crystal Scepter",,,,,,,,,,,,,,,,,,,,,,
,,,,"3089","Rabadon's Deathcap",,,,,,,,,,,,,,,,,,,,,,
,,,,"3135","Void Staff",,,,,,,,,,,,,,,,,,,,,,
"Nautilus",78,4,"4","1401","Enchantment: Cinderhulk","1039","Hunter's Talisman","W","E","Q","E","E","R","E","W","E","W","R","W","W","Q","Q","R","Q","Q","45.9","220"
,,,,"3111","Mercury's Treads","2031","Refillable Potion",,,,,,,,,,,,,,,,,,,,
,,,,"3742","Dead Man's Plate",,,,,,,,,,,,,,,,,,,,,,
,,,,"3190","Locket of the Iron Solari",,,,,,,,,,,,,,,,,,,,,,
,,,,"3143","Randuin's Omen",,,,,,,,,,,,,,,,,,,,,,
,,,,"3083","Warmog's Armor",,,,,,,,,,,,,,,,,,,,,,
,,3,"3","3111","Mercury's Treads","2033","Corrupting Potion","W","E","Q","E","E","R","E","W","E","W","R","W","W","Q","Q","R","Q","Q","52.7","537"
,,,,"3065","Spirit Visage",,,,,,,,,,,,,,,,,,,,,,
,,,,"3068","Sunfire Cape",,,,,,,,,,,,,,,,,,,,,,
,,,,"3075","Thornmail",,,,,,,,,,,,,,,,,,,,,,
,,,,"3025","Iceborn Gauntlet",,,,,,,,,,,,,,,,,,,,,,
,,,,"3026","Guardian Angel",,,,,,,,,,,,,,,,,,,,,,
,,5,"5","2049","Sightstone","2031","Refillable Potion","Q","E","W","E","E","R","E","W","E","W","R","W","W","Q","Q","R","Q","Q","55.9","533"
,,,,"3009","Boots of Swiftness","3302","Relic Shield",,,,,,,,,,,,,,,,,,,,
,,,,"3190","Locket of the Iron Solari",,,,,,,,,,,,,,,,,,,,,,
,,,,"3401","Face of the Mountain",,,,,,,,,,,,,,,,,,,,,,
,,,,"3001","Abyssal Scepter",,,,,,,,,,,,,,,,,,,,,,
,,,,"3068","Sunfire Cape",,,,,,,,,,,,,,,,,,,,,,
"Lulu",79,3,"3","3027","Rod of Ages","1056","Doran's Ring","Q","E","W","Q","Q","R","Q","E","Q","E","R","E","E","W","W","R","W","W","48.46","390"
,,,,"3158","Ionian Boots of Lucidity","2010","Total Biscuit of Rejuvenation",,,,,,,,,,,,,,,,,,,,
,,,,"3165","Morellonomicon","2010","Total Biscuit of Rejuvenation",,,,,,,,,,,,,,,,,,,,
,,,,"3089","Rabadon's Deathcap",,,,,,,,,,,,,,,,,,,,,,
,,,,"3001","Abyssal Scepter",,,,,,,,,,,,,,,,,,,,,,
,,,,"3285","Luden's Echo",,,,,,,,,,,,,,,,,,,,,,
,,2,"2","3020","Sorcerer's Shoes","1056","Doran's Ring","Q","E","Q","W","Q","R","Q","W","Q","W","R","W","W","E","E","R","E","E","55.9","127"
,,,,"3165","Morellonomicon","2010","Total Biscuit of Rejuvenation",,,,,,,,,,,,,,,,,,,,
,,,,"3157","Zhonya's Hourglass","2010","Total Biscuit of Rejuvenation",,,,,,,,,,,,,,,,,,,,
,,,,"3285","Luden's Echo",,,,,,,,,,,,,,,,,,,,,,
,,,,"3089","Rabadon's Deathcap",,,,,,,,,,,,,,,,,,,,,,
,,,,"3135","Void Staff",,,,,,,,,,,,,,,,,,,,,,
,,5,"5","2049","Sightstone","2031","Refillable Potion","E","Q","W","E","E","R","E","W","E","W","R","W","W","Q","Q","R","Q","Q","49.8","255"
,,,,"3158","Ionian Boots of Lucidity","3303","Spellthief's Edge",,,,,,,,,,,,,,,,,,,,
,,,,"3092","Frost Queen's Claim",,,,,,,,,,,,,,,,,,,,,,
,,,,"3190","Locket of the Iron Solari",,,,,,,,,,,,,,,,,,,,,,
,,,,"3050","Zeke's Harbinger",,,,,,,,,,,,,,,,,,,,,,
,,,,"3116","Rylai's Crystal Scepter",,,,,,,,,,,,,,,,,,,,,,
"Yasuo",80,2,"2","3087","Statikk Shiv","1055","Doran's Blade","E","Q","W","E","E","R","E","Q","E","Q","R","Q","Q","W","W","R","W","W","50.99","2673"
,,,,"3006","Berserker's Greaves","2003","Health Potion",,,,,,,,,,,,,,,,,,,,
,,,,"3031","Infinity Edge",,,,,,,,,,,,,,,,,,,,,,
,,,,"3072","The Bloodthirster",,,,,,,,,,,,,,,,,,,,,,
,,,,"3156","Maw of Malmortius",,,,,,,,,,,,,,,,,,,,,,
,,,,"3026","Guardian Angel",,,,,,,,,,,,,,,,,,,,,,
,,3,"3","3087","Statikk Shiv","1055","Doran's Blade","Q","E","W","Q","E","R","E","E","E","Q","R","Q","Q","W","W","R","W","W","53.43","131"
,,,,"3006","Berserker's Greaves","2003","Health Potion",,,,,,,,,,,,,,,,,,,,
,,,,"3031","Infinity Edge",,,,,,,,,,,,,,,,,,,,,,
,,,,"3072","The Bloodthirster",,,,,,,,,,,,,,,,,,,,,,
,,,,"3026","Guardian Angel",,,,,,,,,,,,,,,,,,,,,,
,,,,"3156","Maw of Malmortius",,,,,,,,,,,,,,,,,,,,,,
"Jayce",81,3,"3","3142","Youmuu's Ghostblade","1055","Doran's Blade","Q","E","Q","W","Q","W","Q","W","Q","W","Q","W","W","E","E","E","E","E","52.91","429"
,,,,"3158","Ionian Boots of Lucidity","2010","Total Biscuit of Rejuvenation",,,,,,,,,,,,,,,,,,,,
,,,,"3004","Manamune",,,,,,,,,,,,,,,,,,,,,,
,,,,"3071","The Black Cleaver",,,,,,,,,,,,,,,,,,,,,,
,,,,"3036","Lord Dominik's Regards",,,,,,,,,,,,,,,,,,,,,,
,,,,"3742","Dead Man's Plate",,,,,,,,,,,,,,,,,,,,,,
,,2,"2","3158","Ionian Boots of Lucidity","1055","Doran's Blade","Q","E","Q","W","Q","W","Q","W","Q","W","Q","W","W","E","E","E","E","E","54.33","681"
,,,,"3142","Youmuu's Ghostblade","2003","Health Potion",,,,,,,,,,,,,,,,,,,,
,,,,"3004","Manamune",,,,,,,,,,,,,,,,,,,,,,
,,,,"3156","Maw of Malmortius",,,,,,,,,,,,,,,,,,,,,,
,,,,"3071","The Black Cleaver",,,,,,,,,,,,,,,,,,,,,,
,,,,"3072","The Bloodthirster",,,,,,,,,,,,,,,,,,,,,,
"Rammus",82,3,"3","3047","Ninja Tabi","2033","Corrupting Potion","W","E","Q","W","W","R","W","E","W","E","R","E","E","Q","Q","R","Q","Q","46.96","264"
,,,,"3068","Sunfire Cape",,,,,,,,,,,,,,,,,,,,,,
,,,,"3075","Thornmail",,,,,,,,,,,,,,,,,,,,,,
,,,,"3102","Banshee's Veil",,,,,,,,,,,,,,,,,,,,,,
,,,,"3143","Randuin's Omen",,,,,,,,,,,,,,,,,,,,,,
,,,,"3742","Dead Man's Plate",,,,,,,,,,,,,,,,,,,,,,
,,4,"4","1401","Enchantment: Cinderhulk","1039","Hunter's Talisman","W","Q","E","W","W","R","W","E","W","E","R","E","E","Q","Q","R","Q","Q","56.08","501"
,,,,"3009","Boots of Swiftness","2031","Refillable Potion",,,,,,,,,,,,,,,,,,,,
,,,,"3075","Thornmail",,,,,,,,,,,,,,,,,,,,,,
,,,,"3742","Dead Man's Plate",,,,,,,,,,,,,,,,,,,,,,
,,,,"3102","Banshee's Veil",,,,,,,,,,,,,,,,,,,,,,
,,,,"3143","Randuin's Omen",,,,,,,,,,,,,,,,,,,,,,
"Ahri",83,2,"2","3165","Morellonomicon","1056","Doran's Ring","E","Q","W","Q","Q","R","Q","W","Q","W","R","W","W","E","E","R","E","E","57.3","267"
,,,,"3285","Luden's Echo","2010","Total Biscuit of Rejuvenation",,,,,,,,,,,,,,,,,,,,
,,,,"3020","Sorcerer's Shoes","2010","Total Biscuit of Rejuvenation",,,,,,,,,,,,,,,,,,,,
,,,,"3089","Rabadon's Deathcap",,,,,,,,,,,,,,,,,,,,,,
,,,,"3157","Zhonya's Hourglass",,,,,,,,,,,,,,,,,,,,,,
,,,,"3135","Void Staff",,,,,,,,,,,,,,,,,,,,,,
"Riven",84,3,"3","3071","The Black Cleaver","1036","Long Sword","Q","E","W","E","E","R","E","W","E","W","R","W","W","Q","Q","R","Q","Q","56.93","137"
,,,,"3158","Ionian Boots of Lucidity","2031","Refillable Potion",,,,,,,,,,,,,,,,,,,,
,,,,"3074","Ravenous Hydra",,,,,,,,,,,,,,,,,,,,,,
,,,,"3072","The Bloodthirster",,,,,,,,,,,,,,,,,,,,,,
,,,,"3053","Sterak's Gage",,,,,,,,,,,,,,,,,,,,,,
,,,,"3812","Death's Dance",,,,,,,,,,,,,,,,,,,,,,
"Singed",85,3,"3","3116","Rylai's Crystal Scepter","1082","The Dark Seal","Q","E","Q","E","Q","R","Q","W","Q","E","R","E","E","W","W","R","W","W","57.29","274"
,,,,"3111","Mercury's Treads","2031","Refillable Potion",,,,,,,,,,,,,,,,,,,,
,,,,"3151","Liandry's Torment",,,,,,,,,,,,,,,,,,,,,,
,,,,"3512","Zz'Rot Portal",,,,,,,,,,,,,,,,,,,,,,
,,,,"3075","Thornmail",,,,,,,,,,,,,,,,,,,,,,
,,,,"3083","Warmog's Armor",,,,,,,,,,,,,,,,,,,,,,
"Janna",86,5,"5","3092","Frost Queen's Claim","2010","Total Biscuit of Rejuvenation","E","Q","E","W","E","R","E","W","E","W","R","W","W","Q","Q","R","Q","Q","54.42","2587"
,,,,"2049","Sightstone","2010","Total Biscuit of Rejuvenation",,,,,,,,,,,,,,,,,,,,
,,,,"3117","Boots of Mobility","2010","Total Biscuit of Rejuvenation",,,,,,,,,,,,,,,,,,,,
,,,,"3190","Locket of the Iron Solari","3303","Spellthief's Edge",,,,,,,,,,,,,,,,,,,,
,,,,"3050","Zeke's Harbinger",,,,,,,,,,,,,,,,,,,,,,
,,,,"3041","Mejai's Soulstealer",,,,,,,,,,,,,,,,,,,,,,
"Shaco",87,4,"4","1412","Enchantment: Warrior","1039","Hunter's Talisman","W","Q","E","E","E","R","E","Q","E","Q","R","Q","Q","W","W","R","W","W","53.69","3544"
,,,,"3142","Youmuu's Ghostblade","2031","Refillable Potion",,,,,,,,,,,,,,,,,,,,
,,,,"3009","Boots of Swiftness",,,,,,,,,,,,,,,,,,,,,,
,,,,"3087","Statikk Shiv",,,,,,,,,,,,,,,,,,,,,,
,,,,"3046","Phantom Dancer",,,,,,,,,,,,,,,,,,,,,,
,,,,"3031","Infinity Edge",,,,,,,,,,,,,,,,,,,,,,
"Gragas",88,4,"4","1410","Enchantment: Runic Echoes","1041","Hunter's Machete","W","E","Q","Q","Q","R","Q","W","Q","W","R","W","W","E","E","R","E","E","54.73","338"
,,,,"3009","Boots of Swiftness","2031","Refillable Potion",,,,,,,,,,,,,,,,,,,,
,,,,"3025","Iceborn Gauntlet",,,,,,,,,,,,,,,,,,,,,,
,,,,"3065","Spirit Visage",,,,,,,,,,,,,,,,,,,,,,
,,,,"3742","Dead Man's Plate",,,,,,,,,,,,,,,,,,,,,,
,,,,"3143","Randuin's Omen",,,,,,,,,,,,,,,,,,,,,,
"Kassadin",89,2,"2","3027","Rod of Ages","2033","Corrupting Potion","Q","W","E","E","E","R","E","Q","E","Q","R","Q","Q","W","W","R","W","W","51.21","205"
,,,,"3158","Ionian Boots of Lucidity",,,,,,,,,,,,,,,,,,,,,,
,,,,"3100","Lich Bane",,,,,,,,,,,,,,,,,,,,,,
,,,,"3157","Zhonya's Hourglass",,,,,,,,,,,,,,,,,,,,,,
,,,,"3089","Rabadon's Deathcap",,,,,,,,,,,,,,,,,,,,,,
,,,,"3135","Void Staff",,,,,,,,,,,,,,,,,,,,,,
"Ezreal",90,1,"1","3025","Iceborn Gauntlet","1055","Doran's Blade","Q","E","Q","E","Q","R","Q","E","Q","E","R","E","W","W","W","R","W","W","51.64","1276"
,,,,"3004","Manamune","2010","Total Biscuit of Rejuvenation",,,,,,,,,,,,,,,,,,,,
,,,,"3158","Ionian Boots of Lucidity",,,,,,,,,,,,,,,,,,,,,,
,,,,"3153","Blade of the Ruined King",,,,,,,,,,,,,,,,,,,,,,
,,,,"3036","Lord Dominik's Regards",,,,,,,,,,,,,,,,,,,,,,
,,,,"3139","Mercurial Scimitar",,,,,,,,,,,,,,,,,,,,,,
"Taliyah",91,2,"2","3027","Rod of Ages","1056","Doran's Ring","Q","E","W","Q","Q","R","Q","E","Q","E","R","E","E","W","W","R","W","W","51.75","1994"
,,,,"3116","Rylai's Crystal Scepter","2003","Health Potion",,,,,,,,,,,,,,,,,,,,
,,,,"3020","Sorcerer's Shoes","2003","Health Potion",,,,,,,,,,,,,,,,,,,,
,,,,"3157","Zhonya's Hourglass",,,,,,,,,,,,,,,,,,,,,,
,,,,"3089","Rabadon's Deathcap",,,,,,,,,,,,,,,,,,,,,,
,,,,"3001","Abyssal Scepter",,,,,,,,,,,,,,,,,,,,,,
,,3,"3","3027","Rod of Ages","1056","Doran's Ring","Q","E","W","Q","Q","R","Q","E","Q","E","R","E","E","W","W","R","W","W","49.76","418"
,,,,"3116","Rylai's Crystal Scepter","2010","Total Biscuit of Rejuvenation",,,,,,,,,,,,,,,,,,,,
,,,,"3020","Sorcerer's Shoes","2010","Total Biscuit of Rejuvenation",,,,,,,,,,,,,,,,,,,,
,,,,"3151","Liandry's Torment",,,,,,,,,,,,,,,,,,,,,,
,,,,"3089","Rabadon's Deathcap",,,,,,,,,,,,,,,,,,,,,,
,,,,"3151","Liandry's Torment",,,,,,,,,,,,,,,,,,,,,,
,,5,"5","2049","Sightstone","2010","Total Biscuit of Rejuvenation","Q","W","E","Q","Q","R","Q","W","Q","W","R","W","W","E","E","R","E","E","44","125"
,,,,"3092","Frost Queen's Claim","2010","Total Biscuit of Rejuvenation",,,,,,,,,,,,,,,,,,,,
,,,,"3020","Sorcerer's Shoes","2010","Total Biscuit of Rejuvenation",,,,,,,,,,,,,,,,,,,,
,,,,"3116","Rylai's Crystal Scepter","3303","Spellthief's Edge",,,,,,,,,,,,,,,,,,,,
,,,,"3151","Liandry's Torment",,,,,,,,,,,,,,,,,,,,,,
,,,,"3001","Abyssal Scepter",,,,,,,,,,,,,,,,,,,,,,
"Leona",92,5,"5","3117","Boots of Mobility","2003","Health Potion","Q","E","W","W","W","R","W","Q","W","Q","R","Q","Q","E","E","R","E","E","51.15","4832"
,,,,"2049","Sightstone","2003","Health Potion",,,,,,,,,,,,,,,,,,,,
,,,,"3401","Face of the Mountain","2003","Health Potion",,,,,,,,,,,,,,,,,,,,
,,,,"3190","Locket of the Iron Solari","3302","Relic Shield",,,,,,,,,,,,,,,,,,,,
,,,,"3512","Zz'Rot Portal",,,,,,,,,,,,,,,,,,,,,,
,,,,"3026","Guardian Angel",,,,,,,,,,,,,,,,,,,,,,
"Taric",93,5,"5","2049","Sightstone","2031","Refillable Potion","W","E","Q","E","E","R","E","W","E","W","R","W","W","Q","Q","R","Q","Q","59.35","278"
,,,,"3401","Face of the Mountain","3302","Relic Shield",,,,,,,,,,,,,,,,,,,,
,,,,"3009","Boots of Swiftness",,,,,,,,,,,,,,,,,,,,,,
,,,,"3190","Locket of the Iron Solari",,,,,,,,,,,,,,,,,,,,,,
,,,,"3110","Frozen Heart",,,,,,,,,,,,,,,,,,,,,,
,,,,"3083","Warmog's Armor",,,,,,,,,,,,,,,,,,,,,,
"Tryndamere",94,3,"3","3087","Statikk Shiv","1054","Doran's Shield","E","Q","W","Q","Q","R","Q","E","Q","E","R","E","E","W","W","R","W","W","55.57","583"
,,,,"3006","Berserker's Greaves","2003","Health Potion",,,,,,,,,,,,,,,,,,,,
,,,,"3031","Infinity Edge",,,,,,,,,,,,,,,,,,,,,,
,,,,"3153","Blade of the Ruined King",,,,,,,,,,,,,,,,,,,,,,
,,,,"3072","The Bloodthirster",,,,,,,,,,,,,,,,,,,,,,
,,,,"3026","Guardian Angel",,,,,,,,,,,,,,,,,,,,,,
,,4,"4","1416","Enchantment: Bloodrazor","1041","Hunter's Machete","E","Q","Q","W","Q","R","Q","E","Q","E","R","E","E","W","W","R","W","W","60.34","58"
,,,,"3006","Berserker's Greaves","2031","Refillable Potion",,,,,,,,,,,,,,,,,,,,
,,,,"3087","Statikk Shiv",,,,,,,,,,,,,,,,,,,,,,
,,,,"3153","Blade of the Ruined King",,,,,,,,,,,,,,,,,,,,,,
,,,,"3031","Infinity Edge",,,,,,,,,,,,,,,,,,,,,,
,,,,"3142","Youmuu's Ghostblade",,,,,,,,,,,,,,,,,,,,,,
"Akali",95,2,"2","3146","Hextech Gunblade","1036","Long Sword","Q","W","E","Q","Q","R","Q","E","Q","E","R","E","E","W","W","R","W","W","56.39","594"
,,,,"3157","Zhonya's Hourglass","2003","Health Potion",,,,,,,,,,,,,,,,,,,,
,,,,"3020","Sorcerer's Shoes","2003","Health Potion",,,,,,,,,,,,,,,,,,,,
,,,,"3089","Rabadon's Deathcap","2003","Health Potion",,,,,,,,,,,,,,,,,,,,
,,,,"3102","Banshee's Veil",,,,,,,,,,,,,,,,,,,,,,
,,,,"3065","Spirit Visage",,,,,,,,,,,,,,,,,,,,,,
,,3,"3","3146","Hextech Gunblade","1054","Doran's Shield","Q","W","E","Q","Q","R","Q","E","Q","E","R","E","E","W","W","R","W","W","53.84","455"
,,,,"3157","Zhonya's Hourglass","2003","Health Potion",,,,,,,,,,,,,,,,,,,,
,,,,"3020","Sorcerer's Shoes",,,,,,,,,,,,,,,,,,,,,,
,,,,"3116","Rylai's Crystal Scepter",,,,,,,,,,,,,,,,,,,,,,
,,,,"3135","Void Staff",,,,,,,,,,,,,,,,,,,,,,
,,,,"3089","Rabadon's Deathcap",,,,,,,,,,,,,,,,,,,,,,
"Rumble",96,3,"3","3151","Liandry's Torment","1052","Amplifying Tome","Q","E","Q","W","Q","R","Q","E","Q","E","R","E","E","W","W","R","W","W","53.84","143"
,,,,"3020","Sorcerer's Shoes","2003","Health Potion",,,,,,,,,,,,,,,,,,,,
,,,,"3116","Rylai's Crystal Scepter",,,,,,,,,,,,,,,,,,,,,,
,,,,"3157","Zhonya's Hourglass",,,,,,,,,,,,,,,,,,,,,,
,,,,"3135","Void Staff",,,,,,,,,,,,,,,,,,,,,,
,,,,"3001","Abyssal Scepter",,,,,,,,,,,,,,,,,,,,,,
,,4,"4","1402","Enchantment: Runic Echoes","1039","Hunter's Talisman","Q","W","E","Q","Q","R","Q","E","Q","E","R","E","E","W","W","R","W","W","51.6","750"
,,,,"3020","Sorcerer's Shoes","2031","Refillable Potion",,,,,,,,,,,,,,,,,,,,
,,,,"3116","Rylai's Crystal Scepter",,,,,,,,,,,,,,,,,,,,,,
,,,,"3151","Liandry's Torment",,,,,,,,,,,,,,,,,,,,,,
,,,,"3157","Zhonya's Hourglass",,,,,,,,,,,,,,,,,,,,,,
,,,,"3152","Hextech Protobelt-01",,,,,,,,,,,,,,,,,,,,,,
"Gangplank",97,3,"3","3158","Ionian Boots of Lucidity","1027","Sapphire Crystal","Q","W","Q","E","Q","R","Q","E","Q","E","R","E","E","W","W","R","W","W","52.68","279"
,,,,"3078","Trinity Force","2010","Total Biscuit of Rejuvenation",,,,,,,,,,,,,,,,,,,,
,,,,"3031","Infinity Edge","2010","Total Biscuit of Rejuvenation",,,,,,,,,,,,,,,,,,,,
,,,,"3087","Statikk Shiv","2010","Total Biscuit of Rejuvenation",,,,,,,,,,,,,,,,,,,,
,,,,"3046","Phantom Dancer",,,,,,,,,,,,,,,,,,,,,,
,,,,"3036","Lord Dominik's Regards",,,,,,,,,,,,,,,,,,,,,,
,,2,"2","3158","Ionian Boots of Lucidity","1056","Doran's Ring","Q","E","W","Q","Q","R","Q","E","Q","E","R","E","E","W","W","R","W","W","52.09","1315"
,,,,"3078","Trinity Force","2003","Health Potion",,,,,,,,,,,,,,,,,,,,
,,,,"3031","Infinity Edge","2003","Health Potion",,,,,,,,,,,,,,,,,,,,
,,,,"3087","Statikk Shiv",,,,,,,,,,,,,,,,,,,,,,
,,,,"3046","Phantom Dancer",,,,,,,,,,,,,,,,,,,,,,
,,,,"3036","Lord Dominik's Regards",,,,,,,,,,,,,,,,,,,,,,
"Talon",98,2,"2","3117","Boots of Mobility","1036","Long Sword","W","E","W","Q","W","R","W","Q","W","Q","R","Q","Q","E","E","R","E","E","56.59","470"
,,,,"3142","Youmuu's Ghostblade","2003","Health Potion",,,,,,,,,,,,,,,,,,,,
,,,,"3074","Ravenous Hydra","2003","Health Potion",,,,,,,,,,,,,,,,,,,,
,,,,"3071","The Black Cleaver","2003","Health Potion",,,,,,,,,,,,,,,,,,,,
,,,,"3036","Lord Dominik's Regards",,,,,,,,,,,,,,,,,,,,,,
,,,,"3742","Dead Man's Plate",,,,,,,,,,,,,,,,,,,,,,
"Maokai",99,3,"3","3068","Sunfire Cape","2033","Corrupting Potion","E","Q","W","Q","Q","R","Q","W","Q","W","R","W","W","E","E","R","E","E","51.13","1807"
,,,,"3009","Boots of Swiftness",,,,,,,,,,,,,,,,,,,,,,
,,,,"3065","Spirit Visage",,,,,,,,,,,,,,,,,,,,,,
,,,,"3110","Frozen Heart",,,,,,,,,,,,,,,,,,,,,,
,,,,"3026","Guardian Angel",,,,,,,,,,,,,,,,,,,,,,
,,,,"3143","Randuin's Omen",,,,,,,,,,,,,,,,,,,,,,
"Yorick",100,3,"3",,,"2033","Corrupting Potion","E","W","Q","E","E","R","E","W","E","W","R","W","W","Q","Q","R","Q","Q","60","60"
"Xerath",101,2,"2","3165","Morellonomicon","1056","Doran's Ring","W","Q","E","Q","Q","R","Q","W","Q","W","R","W","W","E","E","R","E","E","53.24","154"
,,,,"3285","Luden's Echo","2003","Health Potion",,,,,,,,,,,,,,,,,,,,
,,,,"3020","Sorcerer's Shoes","2003","Health Potion",,,,,,,,,,,,,,,,,,,,
,,,,"3089","Rabadon's Deathcap",,,,,,,,,,,,,,,,,,,,,,
,,,,"3135","Void Staff",,,,,,,,,,,,,,,,,,,,,,
,,,,"3157","Zhonya's Hourglass",,,,,,,,,,,,,,,,,,,,,,
"Warwick",102,3,"3",,,"2033","Corrupting Potion","Q","W","Q","E","Q","R","Q","W","Q","W","R","W","W","E","E","R","E","E","52.74","91"
,,4,"4","1416","Enchantment: Bloodrazor","1041","Hunter's Machete","W","Q","Q","E","Q","R","Q","W","Q","W","R","W","W","E","E","R","E","E","54.26","363"
,,,,"3153","Blade of the Ruined King",,,,,,,,,,,,,,,,,,,,,,
,,,,"3009","Boots of Swiftness",,,,,,,,,,,,,,,,,,,,,,
,,,,"3065","Spirit Visage",,,,,,,,,,,,,,,,,,,,,,
,,,,"3091","Wit's End",,,,,,,,,,,,,,,,,,,,,,
,,,,"3026","Guardian Angel",,,,,,,,,,,,,,,,,,,,,,
"Ryze",103,3,"3","3027","Rod of Ages","1027","Sapphire Crystal","E","Q","W","Q","Q","R","Q","E","Q","E","R","E","E","W","W","R","W","W","53.06","196"
,,,,"3003","Archangel's Staff","2031","Refillable Potion",,,,,,,,,,,,,,,,,,,,
,,,,"3009","Boots of Swiftness",,,,,,,,,,,,,,,,,,,,,,
,,,,"3135","Void Staff",,,,,,,,,,,,,,,,,,,,,,
,,,,"3026","Guardian Angel",,,,,,,,,,,,,,,,,,,,,,
,,,,"3026","Guardian Angel",,,,,,,,,,,,,,,,,,,,,,
,,2,"2","3027","Rod of Ages","1027","Sapphire Crystal","E","W","Q","Q","Q","R","Q","W","Q","W","R","W","W","E","E","R","E","E","54.19","262"
,,,,"3003","Archangel's Staff","2010","Total Biscuit of Rejuvenation",,,,,,,,,,,,,,,,,,,,
,,,,"3009","Boots of Swiftness","2010","Total Biscuit of Rejuvenation",,,,,,,,,,,,,,,,,,,,
,,,,"3135","Void Staff","2010","Total Biscuit of Rejuvenation",,,,,,,,,,,,,,,,,,,,
,,,,"3089","Rabadon's Deathcap",,,,,,,,,,,,,,,,,,,,,,
,,,,"3116","Rylai's Crystal Scepter",,,,,,,,,,,,,,,,,,,,,,
"Draven",104,1,"1","3142","Youmuu's Ghostblade","1055","Doran's Blade","Q","W","E","Q","Q","R","Q","W","Q","W","R","W","W","E","E","R","E","E","50.85","4629"
,,,,"3006","Berserker's Greaves","2003","Health Potion",,,,,,,,,,,,,,,,,,,,
,,,,"3139","Mercurial Scimitar",,,,,,,,,,,,,,,,,,,,,,
,,,,"3046","Phantom Dancer",,,,,,,,,,,,,,,,,,,,,,
,,,,"3031","Infinity Edge",,,,,,,,,,,,,,,,,,,,,,
,,,,"3036","Lord Dominik's Regards",,,,,,,,,,,,,,,,,,,,,,
"Trundle",105,3,"3","3748","Titanic Hydra","1055","Doran's Blade","E","Q","W","Q","Q","R","Q","W","Q","W","R","W","W","E","E","R","E","E","50.95","157"
,,,,"3009","Boots of Swiftness","2003","Health Potion",,,,,,,,,,,,,,,,,,,,
,,,,"3025","Iceborn Gauntlet",,,,,,,,,,,,,,,,,,,,,,
,,,,"3065","Spirit Visage",,,,,,,,,,,,,,,,,,,,,,
,,,,"3742","Dead Man's Plate",,,,,,,,,,,,,,,,,,,,,,
,,,,"3075","Thornmail",,,,,,,,,,,,,,,,,,,,,,
,,5,"5","2049","Sightstone","2031","Refillable Potion","Q","E","W","E","E","R","E","Q","E","Q","R","Q","Q","W","W","R","W","W","51.54","487"
,,,,"3009","Boots of Swiftness","3302","Relic Shield",,,,,,,,,,,,,,,,,,,,
,,,,"3190","Locket of the Iron Solari",,,,,,,,,,,,,,,,,,,,,,
,,,,"3110","Frozen Heart",,,,,,,,,,,,,,,,,,,,,,
,,,,"3026","Guardian Angel",,,,,,,,,,,,,,,,,,,,,,
,,,,"3512","Zz'Rot Portal",,,,,,,,,,,,,,,,,,,,,,
"RekSai",106,4,"4","1401","Enchantment: Cinderhulk","1041","Hunter's Machete","Q","W","E","Q","Q","R","Q","E","Q","E","R","E","E","W","W","R","W","W","50.59","5202"
,,,,"3009","Boots of Swiftness","2031","Refillable Potion",,,,,,,,,,,,,,,,,,,,
,,,,"3748","Titanic Hydra",,,,,,,,,,,,,,,,,,,,,,
,,,,"3742","Dead Man's Plate",,,,,,,,,,,,,,,,,,,,,,
,,,,"3065","Spirit Visage",,,,,,,,,,,,,,,,,,,,,,
,,,,"3026","Guardian Angel",,,,,,,,,,,,,,,,,,,,,,
"Darius",107,3,"3","3071","The Black Cleaver","1028","Ruby Crystal","Q","W","E","Q","Q","R","Q","E","Q","E","R","E","E","W","W","R","W","W","56.81","2193"
,,,,"3111","Mercury's Treads","2003","Health Potion",,,,,,,,,,,,,,,,,,,,
,,,,"3742","Dead Man's Plate","2003","Health Potion",,,,,,,,,,,,,,,,,,,,
,,,,"3065","Spirit Visage",,,,,,,,,,,,,,,,,,,,,,
,,,,"3053","Sterak's Gage",,,,,,,,,,,,,,,,,,,,,,
,,,,"3026","Guardian Angel",,,,,,,,,,,,,,,,,,,,,,
"Nami",108,5,"5","2049","Sightstone","2010","Total Biscuit of Rejuvenation","W","E","Q","W","W","R","W","E","W","E","R","E","E","Q","Q","R","Q","Q","52.65","2374"
,,,,"3158","Ionian Boots of Lucidity","2010","Total Biscuit of Rejuvenation",,,,,,,,,,,,,,,,,,,,
,,,,"3190","Locket of the Iron Solari","2010","Total Biscuit of Rejuvenation",,,,,,,,,,,,,,,,,,,,
,,,,"3222","Mikael's Crucible","3303","Spellthief's Edge",,,,,,,,,,,,,,,,,,,,
,,,,"3050","Zeke's Harbinger",,,,,,,,,,,,,,,,,,,,,,
,,,,"3092","Frost Queen's Claim",,,,,,,,,,,,,,,,,,,,,,
"Jhin",109,1,"1","3508","Essence Reaver","1055","Doran's Blade","W","Q","Q","E","Q","R","Q","W","Q","W","R","W","W","E","E","R","E","E","53.31","497"
,,,,"3009","Boots of Swiftness","2010","Total Biscuit of Rejuvenation",,,,,,,,,,,,,,,,,,,,
,,,,"3094","Rapid Firecannon",,,,,,,,,,,,,,,,,,,,,,
,,,,"3031","Infinity Edge",,,,,,,,,,,,,,,,,,,,,,
,,,,"3036","Lord Dominik's Regards",,,,,,,,,,,,,,,,,,,,,,
,,,,"3072","The Bloodthirster",,,,,,,,,,,,,,,,,,,,,,
"Gnar",110,3,"3","3071","The Black Cleaver","1055","Doran's Blade","Q","W","E","Q","Q","R","Q","W","Q","W","R","W","W","E","E","R","E","E","48.32","3783"
,,,,"3111","Mercury's Treads","2003","Health Potion",,,,,,,,,,,,,,,,,,,,
,,,,"3143","Randuin's Omen",,,,,,,,,,,,,,,,,,,,,,
,,,,"3065","Spirit Visage",,,,,,,,,,,,,,,,,,,,,,
,,,,"3068","Sunfire Cape",,,,,,,,,,,,,,,,,,,,,,
,,,,"3142","Youmuu's Ghostblade",,,,,,,,,,,,,,,,,,,,,,
"Azir",111,2,"2","3115","Nashor's Tooth","1056","Doran's Ring","W","Q","E","Q","Q","R","Q","W","Q","W","R","W","W","E","E","R","E","E","47.43","10843"
,,,,"3116","Rylai's Crystal Scepter","2010","Total Biscuit of Rejuvenation",,,,,,,,,,,,,,,,,,,,
,,,,"3020","Sorcerer's Shoes","2010","Total Biscuit of Rejuvenation",,,,,,,,,,,,,,,,,,,,
,,,,"3089","Rabadon's Deathcap",,,,,,,,,,,,,,,,,,,,,,
,,,,"3135","Void Staff",,,,,,,,,,,,,,,,,,,,,,
,,,,"3157","Zhonya's Hourglass",,,,,,,,,,,,,,,,,,,,,,
"Kindred",112,4,"4","1419","Enchantment: Bloodrazor","1039","Hunter's Talisman","W","Q","E","Q","Q","R","Q","W","Q","W","R","W","W","E","E","R","E","E","53.91","8371"
,,,,"3009","Boots of Swiftness","2031","Refillable Potion",,,,,,,,,,,,,,,,,,,,
,,,,"3085","Runaan's Hurricane",,,,,,,,,,,,,,,,,,,,,,
,,,,"3156","Maw of Malmortius",,,,,,,,,,,,,,,,,,,,,,
,,,,"3153","Blade of the Ruined King",,,,,,,,,,,,,,,,,,,,,,
,,,,"3053","Sterak's Gage",,,,,,,,,,,,,,,,,,,,,,
"Bard",113,,"5","3117","Boots of Mobility","2010","Total Biscuit of Rejuvenation","W","Q","Q","E","Q","R","Q","W","Q","W","R","W","W","E","E","R","E","E","50.5","198"
,,,,"2049","Sightstone","2010","Total Biscuit of Rejuvenation",,,,,,,,,,,,,,,,,,,,
,,,,"3190","Locket of the Iron Solari","2010","Total Biscuit of Rejuvenation",,,,,,,,,,,,,,,,,,,,
,,,,"3050","Zeke's Harbinger","3303","Spellthief's Edge",,,,,,,,,,,,,,,,,,,,
,,,,"3222","Mikael's Crucible",,,,,,,,,,,,,,,,,,,,,,
,,,,"3026","Guardian Angel",,,,,,,,,,,,,,,,,,,,,,
"Braum",114,,"5","3009","Boots of Swiftness","2010","Total Biscuit of Rejuvenation","Q","W","E","Q","Q","R","Q","E","Q","E","R","E","E","W","W","R","W","W","51.67","1196"
,,,,"2049","Sightstone","2010","Total Biscuit of Rejuvenation",,,,,,,,,,,,,,,,,,,,
,,,,"3190","Locket of the Iron Solari","2010","Total Biscuit of Rejuvenation",,,,,,,,,,,,,,,,,,,,
,,,,"3110","Frozen Heart","3302","Relic Shield",,,,,,,,,,,,,,,,,,,,
,,,,"3065","Spirit Visage",,,,,,,,,,,,,,,,,,,,,,
,,,,"3102","Banshee's Veil",,,,,,,,,,,,,,,,,,,,,,
"Vi",115,,"4","1400","Enchantment: Warrior","1041","Hunter's Machete","W","Q","E","Q","Q","R","Q","E","Q","E","R","E","E","W","W","R","W","W","55.5","227"
,,,,"3111","Mercury's Treads","2031","Refillable Potion",,,,,,,,,,,,,,,,,,,,
,,,,"3078","Trinity Force",,,,,,,,,,,,,,,,,,,,,,
,,,,"3742","Dead Man's Plate",,,,,,,,,,,,,,,,,,,,,,
,,,,"3053","Sterak's Gage",,,,,,,,,,,,,,,,,,,,,,
,,,,"3156","Maw of Malmortius",,,,,,,,,,,,,,,,,,,,,,
"Vayne",116,,"1","3153","Blade of the Ruined King","1055","Doran's Blade","Q","E","W","W","W","R","W","Q","W","Q","R","Q","Q","E","E","R","E","E","50.99","1053"
,,,,"3046","Phantom Dancer","2003","Health Potion",,,,,,,,,,,,,,,,,,,,
,,,,"3006","Berserker's Greaves",,,,,,,,,,,,,,,,,,,,,,
,,,,"3031","Infinity Edge",,,,,,,,,,,,,,,,,,,,,,
,,,,"3139","Mercurial Scimitar",,,,,,,,,,,,,,,,,,,,,,
,,,,"3036","Lord Dominik's Regards",,,,,,,,,,,,,,,,,,,,,,
"Khazix",117,,"4","1412","Enchantment: Warrior","1039","Hunter's Talisman",,,,,,,,,,,,,,,,,,,"49.78","934"
,,,,"3009","Boots of Swiftness","2031","Refillable Potion",,,,,,,,,,,,,,,,,,,,
,,,,"3142","Youmuu's Ghostblade",,,,,,,,,,,,,,,,,,,,,,
,,,,"3071","The Black Cleaver",,,,,,,,,,,,,,,,,,,,,,
,,,,"3156","Maw of Malmortius",,,,,,,,,,,,,,,,,,,,,,
,,,,"3026","Guardian Angel",,,,,,,,,,,,,,,,,,,,,,
"Sejuani",118,,"4","1409","Enchantment: Cinderhulk","1039","Hunter's Talisman","W","E","Q","W","W","R","W","E","W","E","R","E","E","Q","Q","R","Q","Q","55.68","1530"
,,,,"3009","Boots of Swiftness","2010","Total Biscuit of Rejuvenation",,,,,,,,,,,,,,,,,,,,
,,,,"3110","Frozen Heart","2010","Total Biscuit of Rejuvenation",,,,,,,,,,,,,,,,,,,,
,,,,"3190","Locket of the Iron Solari","2010","Total Biscuit of Rejuvenation",,,,,,,,,,,,,,,,,,,,
,,,,"3143","Randuin's Omen",,,,,,,,,,,,,,,,,,,,,,
,,,,"3065","Spirit Visage",,,,,,,,,,,,,,,,,,,,,,
"Nasus",119,,"3","3025","Iceborn Gauntlet","1028","Ruby Crystal","Q","E","Q","W","Q","R","Q","W","Q","W","R","W","W","E","E","R","E","E","53","183"
,,,,"3065","Spirit Visage","2003","Health Potion",,,,,,,,,,,,,,,,,,,,
,,,,"3111","Mercury's Treads","2003","Health Potion",,,,,,,,,,,,,,,,,,,,
,,,,"3742","Dead Man's Plate",,,,,,,,,,,,,,,,,,,,,,
,,,,"3075","Thornmail",,,,,,,,,,,,,,,,,,,,,,
,,,,"3748","Titanic Hydra",,,,,,,,,,,,,,,,,,,,,,
"Illaoi",120,,"3","3071","The Black Cleaver","1055","Doran's Blade","Q","E","W","E","E","R","E","Q","E","Q","R","Q","Q","W","W","R","W","W","56.91","246"
,,,,"3053","Sterak's Gage",,,,,,,,,,,,,,,,,,,,,,
,,,,"3111","Mercury's Treads",,,,,,,,,,,,,,,,,,,,,,
,,,,"3742","Dead Man's Plate",,,,,,,,,,,,,,,,,,,,,,
,,,,"3065","Spirit Visage",,,,,,,,,,,,,,,,,,,,,,
,,,,"3026","Guardian Angel",,,,,,,,,,,,,,,,,,,,,,
"Zed",121,,"2","3147","Duskblade of Draktharr","1036","Long Sword","Q","W","E","Q","Q","R","Q","E","Q","E","R","E","E","W","W","R","W","W","47.96","5875"
,,,,"3111","Mercury's Treads","2031","Refillable Potion",,,,,,,,,,,,,,,,,,,,
,,,,"3142","Youmuu's Ghostblade",,,,,,,,,,,,,,,,,,,,,,
,,,,"3071","The Black Cleaver",,,,,,,,,,,,,,,,,,,,,,
,,,,"3812","Death's Dance",,,,,,,,,,,,,,,,,,,,,,
,,,,"3026","Guardian Angel",,,,,,,,,,,,,,,,,,,,,,
"Lucian",123,,"1","3142","Youmuu's Ghostblade","1055","Doran's Blade","Q","E","Q","W","Q","R","Q","E","Q","E","R","E","E","W","W","R","W","W","50.79","19593"
,,,,"3071","The Black Cleaver","2010","Total Biscuit of Rejuvenation",,,,,,,,,,,,,,,,,,,,
,,,,"3158","Ionian Boots of Lucidity",,,,,,,,,,,,,,,,,,,,,,
,,,,"3046","Phantom Dancer",,,,,,,,,,,,,,,,,,,,,,
,,,,"3031","Infinity Edge",,,,,,,,,,,,,,,,,,,,,,
,,,,"3072","The Bloodthirster",,,,,,,,,,,,,,,,,,,,,,
"Fiora",124,,"3","3074","Ravenous Hydra","2033","Corrupting Potion","Q","E","W","Q","Q","R","Q","E","Q","E","R","E","E","W","W","R","W","W","48.15","3250"
,,,,"3111","Mercury's Treads",,,,,,,,,,,,,,,,,,,,,,
,,,,"3071","The Black Cleaver",,,,,,,,,,,,,,,,,,,,,,
,,,,"3065","Spirit Visage",,,,,,,,,,,,,,,,,,,,,,
,,,,"3143","Randuin's Omen",,,,,,,,,,,,,,,,,,,,,,
,,,,"3156","Maw of Malmortius",,,,,,,,,,,,,,,,,,,,,,
"Jinx",125,,"1","3031","Infinity Edge","1055","Doran's Blade","Q","E","Q","W","Q","R","Q","W","Q","W","R","W","W","E","E","R","E","E","57.81","659"
,,,,"3085","Runaan's Hurricane","2010","Total Biscuit of Rejuvenation",,,,,,,,,,,,,,,,,,,,
,,,,"3006","Berserker's Greaves",,,,,,,,,,,,,,,,,,,,,,
,,,,"3072","The Bloodthirster",,,,,,,,,,,,,,,,,,,,,,
,,,,"3036","Lord Dominik's Regards",,,,,,,,,,,,,,,,,,,,,,
,,,,"3139","Mercurial Scimitar",,,,,,,,,,,,,,,,,,,,,,
"Jax",126,,"4","1416","Enchantment: Bloodrazor","1041","Hunter's Machete","E","W","Q","W","W","R","W","Q","W","Q","R","Q","Q","E","E","R","E","E","52.94","1849"
,,,,"3078","Trinity Force","2031","Refillable Potion",,,,,,,,,,,,,,,,,,,,
,,,,"3111","Mercury's Treads",,,,,,,,,,,,,,,,,,,,,,
,,,,"3146","Hextech Gunblade",,,,,,,,,,,,,,,,,,,,,,
,,,,"3065","Spirit Visage",,,,,,,,,,,,,,,,,,,,,,
,,,,"3068","Sunfire Cape",,,,,,,,,,,,,,,,,,,,,,
,,,"3","3078","Trinity Force","2033","Corrupting Potion","E","Q","W","W","W","R","W","Q","W","Q","R","Q","Q","E","E","R","E","E","51.49","3053"
,,,,"3146","Hextech Gunblade",,,,,,,,,,,,,,,,,,,,,,
,,,,"3111","Mercury's Treads",,,,,,,,,,,,,,,,,,,,,,
,,,,"3053","Sterak's Gage",,,,,,,,,,,,,,,,,,,,,,
,,,,"3026","Guardian Angel",,,,,,,,,,,,,,,,,,,,,,
,,,,"3143","Randuin's Omen",,,,,,,,,,,,,,,,,,,,,,
"Karthus",127,,"3","3027","Rod of Ages","1056","Doran's Ring","Q","E","Q","W","Q","R","Q","E","Q","E","R","E","E","W","W","R","W","W","46.7","167"
,,,,"3020","Sorcerer's Shoes","2010","Total Biscuit of Rejuvenation",,,,,,,,,,,,,,,,,,,,
,,,,"3157","Zhonya's Hourglass","2010","Total Biscuit of Rejuvenation",,,,,,,,,,,,,,,,,,,,
,,,,"3089","Rabadon's Deathcap",,,,,,,,,,,,,,,,,,,,,,
,,,,"3135","Void Staff",,,,,,,,,,,,,,,,,,,,,,
,,,,"3116","Rylai's Crystal Scepter",,,,,,,,,,,,,,,,,,,,,,
,,,"2","3027","Rod of Ages","1056","Doran's Ring","Q","E","Q","W","Q","R","Q","E","Q","E","R","E","E","W","W","R","W","W","56.07","1086"
,,,,"3116","Rylai's Crystal Scepter","2010","Total Biscuit of Rejuvenation",,,,,,,,,,,,,,,,,,,,
,,,,"3020","Sorcerer's Shoes","2010","Total Biscuit of Rejuvenation",,,,,,,,,,,,,,,,,,,,
,,,,"3157","Zhonya's Hourglass",,,,,,,,,,,,,,,,,,,,,,
,,,,"3089","Rabadon's Deathcap",,,,,,,,,,,,,,,,,,,,,,
,,,,"3135","Void Staff",,,,,,,,,,,,,,,,,,,,,,
"Chogath",128,,"3","3027","Rod of Ages","1056","Doran's Ring","E","Q","W","Q","Q","R","Q","W","Q","W","R","W","W","E","E","R","E","E","47.05","153"
,,,,"3111","Mercury's Treads","2003","Health Potion",,,,,,,,,,,,,,,,,,,,
,,,,"3110","Frozen Heart","2003","Health Potion",,,,,,,,,,,,,,,,,,,,
,,,,"3116","Rylai's Crystal Scepter",,,,,,,,,,,,,,,,,,,,,,
,,,,"3065","Spirit Visage",,,,,,,,,,,,,,,,,,,,,,
,,,,"3089","Rabadon's Deathcap",,,,,,,,,,,,,,,,,,,,,,
,,,"2","3027","Rod of Ages","1056","Doran's Ring","E","W","Q","W","W","R","W","Q","W","Q","R","Q","Q","E","E","R","E","E","53.75","320"
,,,,"3116","Rylai's Crystal Scepter","2010","Total Biscuit of Rejuvenation",,,,,,,,,,,,,,,,,,,,
,,,,"3089","Rabadon's Deathcap","2010","Total Biscuit of Rejuvenation",,,,,,,,,,,,,,,,,,,,
,,,,"3135","Void Staff",,,,,,,,,,,,,,,,,,,,,,
,,,,"3089","Rabadon's Deathcap",,,,,,,,,,,,,,,,,,,,,,
,,,,"3151","Liandry's Torment",,,,,,,,,,,,,,,,,,,,,,
"Veigar",129,,"2","3165","Morellonomicon","1056","Doran's Ring","Q","E","Q","W","Q","R","Q","E","Q","E","R","E","E","W","W","R","W","W","53.34","493"
,,,,"3020","Sorcerer's Shoes","2010","Total Biscuit of Rejuvenation",,,,,,,,,,,,,,,,,,,,
,,,,"3089","Rabadon's Deathcap","2010","Total Biscuit of Rejuvenation",,,,,,,,,,,,,,,,,,,,
,,,,"3157","Zhonya's Hourglass",,,,,,,,,,,,,,,,,,,,,,
,,,,"3135","Void Staff",,,,,,,,,,,,,,,,,,,,,,
,,,,"3026","Guardian Angel",,,,,,,,,,,,,,,,,,,,,,
,,,"5","2049","Sightstone","2010","Total Biscuit of Rejuvenation","Q","E","Q","W","Q","R","Q","E","Q","E","R","E","E","W","W","R","W","W","59.3","86"
,,,,"3020","Sorcerer's Shoes","2010","Total Biscuit of Rejuvenation",,,,,,,,,,,,,,,,,,,,
,,,,"3165","Morellonomicon","2010","Total Biscuit of Rejuvenation",,,,,,,,,,,,,,,,,,,,
,,,,"3089","Rabadon's Deathcap","3303","Spellthief's Edge",,,,,,,,,,,,,,,,,,,,
,,,,"3102","Banshee's Veil",,,,,,,,,,,,,,,,,,,,,,
,,,,"3135","Void Staff",,,,,,,,,,,,,,,,,,,,,,
"Zyra",130,,"5","2049","Sightstone","2031","Refillable Potion","Q","W","E","E","E","R","E","Q","E","Q","R","Q","Q","W","W","R","W","W","58.12","511"
,,,,"3020","Sorcerer's Shoes","3303","Spellthief's Edge",,,,,,,,,,,,,,,,,,,,
,,,,"3151","Liandry's Torment",,,,,,,,,,,,,,,,,,,,,,
,,,,"3116","Rylai's Crystal Scepter",,,,,,,,,,,,,,,,,,,,,,
,,,,"3135","Void Staff",,,,,,,,,,,,,,,,,,,,,,
,,,,"3089","Rabadon's Deathcap",,,,,,,,,,,,,,,,,,,,,,
"Kalista",131,,"1","3085","Runaan's Hurricane","1055","Doran's Blade","E","W","Q","E","E","R","E","Q","E","Q","R","Q","Q","W","W","R","W","W","48.1","1031"
,,,,"3153","Blade of the Ruined King","2010","Total Biscuit of Rejuvenation",,,,,,,,,,,,,,,,,,,,
,,,,"3006","Berserker's Greaves",,,,,,,,,,,,,,,,,,,,,,
,,,,"3072","The Bloodthirster",,,,,,,,,,,,,,,,,,,,,,
,,,,"3139","Mercurial Scimitar",,,,,,,,,,,,,,,,,,,,,,
,,,,"3046","Phantom Dancer",,,,,,,,,,,,,,,,,,,,,,
"DrMundo",132,,"3","3065","Spirit Visage","1028","Ruby Crystal","Q","E","W","Q","Q","R","Q","E","Q","E","R","E","E","W","W","R","W","W","51.25","679"
,,,,"3111","Mercury's Treads","2003","Health Potion",,,,,,,,,,,,,,,,,,,,
,,,,"3068","Sunfire Cape","2003","Health Potion",,,,,,,,,,,,,,,,,,,,
,,,,"3083","Warmog's Armor",,,,,,,,,,,,,,,,,,,,,,
,,,,"3075","Thornmail",,,,,,,,,,,,,,,,,,,,,,
,,,,"3026","Guardian Angel",,,,,,,,,,,,,,,,,,,,,,
,,,"4","1413","Enchantment: Cinderhulk","1041","Hunter's Machete","E","Q","W","Q","Q","R","Q","W","Q","W","R","W","W","E","E","R","E","E","55.55","36"
,,,,"3047","Ninja Tabi","2031","Refillable Potion",,,,,,,,,,,,,,,,,,,,
,,,,"3065","Spirit Visage",,,,,,,,,,,,,,,,,,,,,,
,,,,"3083","Warmog's Armor",,,,,,,,,,,,,,,,,,,,,,
,,,,"3075","Thornmail",,,,,,,,,,,,,,,,,,,,,,
,,,,"3102","Banshee's Veil",,,,,,,,,,,,,,,,,,,,,,